time_s,lat_deg,lon_deg,alt_m
1779965519.7551143,41.14162897477254,-8.693494026998334,56.45119604188949
1779965519.7954226,41.14162896582527,-8.693494027446583,56.45380462426692
1779965519.8365748,41.14162908054697,-8.69349438105007,56.44333152845502
1779965519.8761759,41.14162917888915,-8.693494720567566,56.43682911898941
1779965519.9159923,41.14162916375824,-8.693494782044313,56.44165586028248
1779965519.9560812,41.14162922779533,-8.693495023580049,56.42217237967998
1779965519.9957232,41.14162920425816,-8.693495118445304,56.43484007194638
1779965520.0358832,41.14162924209051,-8.693495316269892,56.434465328231454
1779965520.0755808,41.141629295994626,-8.693495558634304,56.43234598264098
1779965520.115361,41.141629280840974,-8.693495718223225,56.449299591593444
1779965520.1552126,41.14162933500463,-8.693495980392294,56.45086243469268
1779965520.1951005,41.14162931255731,-8.693496161922322,56.47191503085196
1779965520.2350886,41.141629322476696,-8.693496364883467,56.49071679171175
1779965520.2752666,41.1416293305938,-8.693496570632297,56.51127518899739
1779965520.3156457,41.14162929510287,-8.693496756254186,56.54033172316849
1779965520.3556972,41.14162931326704,-8.693496965621636,56.56661412678659
1779965520.3957422,41.141629268930416,-8.693497155094805,56.59888005722314
1779965520.4358194,41.141629249497704,-8.693497344605293,56.632739594206214
1779965520.4756622,41.141629226998255,-8.693497535246088,56.66722755506635
1779965520.5155215,41.141629173919334,-8.693497726424138,56.70278035849333
1779965520.5553994,41.14162917100322,-8.693497921385273,56.73969898559153
1779965520.5952766,41.141629117199514,-8.693498113131923,56.77519411407411
1779965520.6352398,41.14162908575915,-8.693498309029595,56.810508059337735
1779965520.6750863,41.14162906145006,-8.693498504658924,56.845260890200734
1779965520.7154675,41.14162901220908,-8.693498701486645,56.87749574612826
1779965520.755725,41.1416289995706,-8.693498906673025,56.909188884310424
1779965520.7956502,41.14162896343934,-8.693499094798943,56.93890979979187
1779965520.8356094,41.141628949649075,-8.69349928017776,56.96639684122056
1779965520.8755183,41.141628942961646,-8.693499461335735,56.9919568002224
1779965520.9163077,41.141628931566416,-8.69349963787254,57.014700785279274
1779965520.9558525,41.141628954507816,-8.693499809372945,57.03533041290939
1779965520.995533,41.14162896049215,-8.693499977288264,57.05254324991256
1779965521.0361812,41.14162898674497,-8.693500139825918,57.06658433191478
1779965521.07589,41.14162902410457,-8.693500298562846,57.07763841561973
1779965521.1159472,41.141629049940235,-8.69350046199942,57.085255465470254
1779965521.15586,41.141629098808124,-8.693500630552936,57.090614271350205
1779965521.1956937,41.14162912499259,-8.693500795427243,57.09132348559797
1779965521.2356277,41.141629164003675,-8.693500961158556,57.08996908925474
1779965521.2755213,41.14162920315003,-8.693501126686495,57.085415329784155
1779965521.3154173,41.14162922743753,-8.693501292772396,57.07813632115722
1779965521.355378,41.14162925445165,-8.693501468322285,57.07000649627298
1779965521.3953762,41.14162926510543,-8.693501632333355,57.05881022289395
1779965521.435313,41.14162927296573,-8.693501795912125,57.047835148870945
1779965521.4752185,41.141629271599314,-8.69350195517667,57.03668438736349
1779965521.5154698,41.14162925268684,-8.693502109684056,57.02544428035617
1779965521.5557203,41.14162922273903,-8.693502270137992,57.01635863352567
1779965521.5956857,41.14162918241201,-8.693502413784927,57.00730259437114
1779965521.6357381,41.14162913477932,-8.69350255424205,57.00012590922415
1779965521.6756341,41.14162907247987,-8.69350269419895,56.99451807234436
1779965521.7157478,41.141628998973765,-8.693502827252917,56.98955146595836
1779965521.7555885,41.14162891606119,-8.69350295865897,56.98707657121122
1779965521.79544,41.14162882573022,-8.693503083251528,56.985257036052644
1779965521.8356917,41.14162873122934,-8.693503204553588,56.9852309692651
1779965521.8756566,41.141628632765126,-8.693503318715493,56.98675058130175
1779965521.9157877,41.141628524862625,-8.693503429875452,56.98902763053775
1779965521.9557972,41.14162841300249,-8.693503539634063,56.99306637980044
1779965521.995733,41.14162830080015,-8.693503637463621,56.99756246060133
1779965522.0358293,41.141628189726674,-8.693503734573639,57.00229390710592
1779965522.0756466,41.14162807683558,-8.693503828115157,57.007815945893526
1779965522.1155999,41.141627964561806,-8.693503913142521,57.012935812585056
1779965522.1555862,41.141627862197,-8.693504000468122,57.0176806030795
1779965522.195413,41.141627755230466,-8.693504076588487,57.02193349413574
1779965522.235317,41.14162766196742,-8.693504150689916,57.02449274249375
1779965522.275184,41.141627575985936,-8.693504219410428,57.025698331184685
1779965522.3157723,41.14162749172047,-8.693504281354096,57.02533009368926
1779965522.356331,41.14162742467431,-8.693504343811929,57.0221413038671
1779965522.3960578,41.14162736049963,-8.693504397226423,57.0171465119347
1779965522.4359603,41.14162730420537,-8.693504455062222,57.00971036590636
1779965522.4757507,41.14162725831153,-8.693504509399663,56.99945330992341
1779965522.5156567,41.1416272241563,-8.69350455208661,56.98733760416508
1779965522.5558395,41.14162720449821,-8.693504599314656,56.97198743093759
1779965522.5955555,41.14162719382453,-8.693504633019913,56.954577882774174
1779965522.635522,41.14162719330981,-8.69350466492076,56.935298015363514
1779965522.6752992,41.141627201379464,-8.693504697402332,56.91309870686382
1779965522.7155278,41.14162721733439,-8.69350472673547,56.88905340898782
1779965522.7556918,41.14162723679237,-8.693504764585912,56.86335913091898
1779965522.795769,41.141627263320686,-8.69350479810415,56.83573339879513
1779965522.8358262,41.14162729208731,-8.693504835997643,56.80745007377118
1779965522.8757114,41.141627321467055,-8.693504879575974,56.77823473699391
1779965522.9156475,41.14162734947527,-8.693504929024359,56.74824713729322
1779965522.9556015,41.14162738044549,-8.693504993641717,56.71816344372928
1779965522.9954743,41.14162739900158,-8.693505062575998,56.688923155888915
1779965523.035443,41.141627407460824,-8.693505141809728,56.66059910040349
1779965523.0754335,41.141627405986675,-8.693505231895195,56.63431254122406
1779965523.1153207,41.14162739672642,-8.693505333527794,56.60990711301565
1779965523.1556633,41.141627383447286,-8.693505443918887,56.586605947464705
1779965523.195827,41.14162735692656,-8.693505564334977,56.56811220385134
1779965523.2378972,41.14162732272555,-8.693505694811492,56.551733260042965
1779965523.2770853,41.14162728184394,-8.693505831284279,56.53948572650552
1779965523.3164036,41.14162722901887,-8.693505977715587,56.5322749633342
1779965523.3559957,41.141627167364035,-8.693506137658126,56.52700260095298
1779965523.3957233,41.141627094905914,-8.69350630175391,56.52834451571107
1779965523.4360995,41.14162701883744,-8.693506470549602,56.53228057269007
1779965523.4758239,41.14162693402756,-8.69350664606025,56.54026378598064
1779965523.5155249,41.14162684076446,-8.69350682524313,56.55362224299461
1779965523.5553858,41.141626750772886,-8.693507002184058,56.56782057136297
1779965523.5956867,41.14162665115337,-8.69350718273145,56.587895636446774
1779965523.6359491,41.14162655612874,-8.693507356483927,56.6105947541073
1779965523.6758976,41.141626468707535,-8.693507519587445,56.63606093265116
1779965523.7159078,41.14162638756531,-8.693507670673013,56.666004435159266
1779965523.755834,41.14162632089978,-8.693507810823354,56.69646042678505
1779965523.7958505,41.14162625243987,-8.693507944443502,56.7301548467949
1779965523.8358965,41.141626194847994,-8.693508070994065,56.76404416654259
1779965523.8756618,41.141626147857075,-8.693508185983086,56.79851845651865
1779965523.915515,41.14162610643742,-8.693508291784882,56.834156152792275
1779965523.9553952,41.141626076797266,-8.693508389248594,56.867653145454824
1779965523.9952588,41.141626047027344,-8.69350848581388,56.90201728511602
1779965524.0356789,41.14162603034671,-8.693508575640642,56.93415301758796
1779965524.0757966,41.141626022288946,-8.693508661023175,56.964334229938686
1779965524.1158032,41.14162601536559,-8.693508745122099,56.99379875138402
1779965524.1557739,41.141626026810684,-8.693508823025246,57.01897247787565
1779965524.1957052,41.1416260365354,-8.6935089014896,57.04320530593395
1779965524.2358284,41.14162605704885,-8.69350897926622,57.06325401365757
1779965524.2756543,41.141626084210586,-8.693509058237566,57.07980773039162
1779965524.315611,41.14162611059957,-8.693509141067734,57.09419740643352
1779965524.3554862,41.14162614809907,-8.693509227372914,57.103389791212976
1779965524.3953807,41.14162618198162,-8.693509317128393,57.11039573326707
1779965524.4354048,41.14162622308777,-8.693509410370869,57.112481341697276
1779965524.475598,41.14162626234846,-8.693509510305027,57.11122116073966
1779965524.5158176,41.14162630005551,-8.693509613953221,57.106973024085164
1779965524.5558956,41.14162634648926,-8.693509719751585,57.09778514876962
1779965524.595938,41.141626382609786,-8.693509826724032,57.087808119133115
1779965524.6360414,41.1416264185301,-8.693509940929276,57.073483298532665
1779965524.6758492,41.141626451971774,-8.693510053702456,57.05734712444246
1779965524.715804,41.14162647886574,-8.693510167603545,57.03964405693114
1779965524.7557046,41.14162650168425,-8.693510287717592,57.0183416204527
1779965524.7955883,41.14162651914422,-8.693510403109995,56.997928579337895
1779965524.8355896,41.14162653482402,-8.693510522340397,56.974733334966004
1779965524.8754165,41.141626544487366,-8.693510643154717,56.950919618830085
1779965524.915538,41.14162654732417,-8.69351076181519,56.928061860613525
1779965524.9557855,41.14162654805317,-8.693510887951273,56.90259897895157
1779965524.995868,41.14162653954275,-8.693511010436552,56.879964051768184
1779965525.0363023,41.14162652615804,-8.693511136780302,56.85690928809345
1779965525.0760415,41.141626506721636,-8.693511266038152,56.834561355412006
1779965525.1159303,41.14162647923655,-8.693511395334667,56.815253489650786
1779965525.155815,41.14162645017411,-8.69351152987783,56.79522373713553
1779965525.1956694,41.14162641738458,-8.693511658230682,56.77974195685238
1779965525.2355642,41.141626385266285,-8.693511785787072,56.76522373780608
1779965525.2754977,41.14162635065241,-8.693511913725448,56.75343340262771
1779965525.3156002,41.14162631222759,-8.693512042552019,56.74483060371131
1779965525.3557851,41.14162627465207,-8.693512176263928,56.73620253056288
1779965525.395913,41.141626233722945,-8.693512306548902,56.733274679630995
1779965525.4361057,41.1416261945416,-8.693512439696631,56.73017839342356
1779965525.475998,41.14162615452057,-8.693512574527366,56.73021781537682
1779965525.516125,41.1416261120423,-8.693512713695302,56.73287046328187
1779965525.555943,41.14162607255339,-8.693512858091207,56.73434699419886
1779965525.5957856,41.141626027303715,-8.69351300798743,56.74022559449077
1779965525.6360064,41.14162598423053,-8.69351316314967,56.74458864051849
1779965525.6757615,41.14162594032847,-8.693513324787165,56.74989552050829
1779965525.7155952,41.14162589394525,-8.693513494783376,56.756630424410105
1779965525.7554636,41.141625852169625,-8.693513670109468,56.76007436402142
1779965525.7956874,41.1416258078718,-8.693513854736425,56.766033292748034
1779965525.836044,41.14162576768069,-8.693514046021997,56.768919913098216
1779965525.8760707,41.14162573078885,-8.693514243703401,56.770566874183714
1779965525.9160488,41.141625695129456,-8.693514448204855,56.7728000190109
1779965525.9559598,41.141625666117946,-8.693514655937559,56.77074911352247
1779965525.9958448,41.1416256386856,-8.693514872523492,56.76946232840419
1779965526.0359042,41.14162561702613,-8.693515089674316,56.76565666310489
1779965526.0757396,41.14162560003162,-8.693515311941333,56.75953534152359
1779965526.115678,41.14162558878974,-8.693515538756646,56.75331084895879
1779965526.155601,41.14162558735532,-8.693515761634623,56.74372018035501
1779965526.1954923,41.14162559074344,-8.6935159898809,56.73429015465081
1779965526.235466,41.14162560239569,-8.693516214415762,56.72286565043032
1779965526.275347,41.141625623688256,-8.693516435875388,56.71039051376283
1779965526.3156476,41.14162565665244,-8.69351665021201,56.698733762837946
1779965526.3559992,41.14162570756182,-8.693516844046702,56.6864526681602
1779965526.3960745,41.14162576782203,-8.693517036471418,56.675267873331904
1779965526.4361675,41.14162583300911,-8.69351722953004,56.662691346369684
1779965526.4760432,41.1416259069527,-8.693517414284786,56.652009571902454
1779965526.5160093,41.14162598671097,-8.693517596686164,56.64196486398578
1779965526.556009,41.14162606802436,-8.693517778775563,56.63094245176762
1779965526.5958567,41.14162615960983,-8.693517952837963,56.62341794651002
1779965526.6358304,41.14162625787301,-8.693518122043814,56.61467974353582
1779965526.675678,41.14162635833905,-8.693518290808905,56.60788987297565
1779965526.7155383,41.14162646668092,-8.693518454051361,56.60322445910424
1779965526.7556021,41.14162658093971,-8.693518612057487,56.59749700687826
1779965526.7956693,41.14162669896516,-8.693518768058054,56.595765268430114
1779965526.8358805,41.1416268197868,-8.693518924859346,56.59324041940272
1779965526.8758814,41.141626945106005,-8.693519079106569,56.591854594647884
1779965526.9159064,41.14162707022624,-8.693519235369969,56.59290635678917
1779965526.9558067,41.14162719432263,-8.693519399166078,56.5923822382465
1779965526.9956787,41.14162731972228,-8.693519561370904,56.594912747852504
1779965527.0356133,41.14162744064615,-8.693519732226152,56.59676271304488
1779965527.0754693,41.14162755693899,-8.693519913469043,56.598277752287686
1779965527.1154032,41.141627671249275,-8.693520100287857,56.601840247400105
1779965527.1554654,41.14162777834186,-8.69352030242639,56.60349564161152
1779965527.1957319,41.141627878083014,-8.693520514715155,56.607055314816535
1779965527.2358913,41.14162797202282,-8.693520737646676,56.61036689579487
1779965527.2758462,41.14162805781151,-8.69352097536756,56.61292049381882
1779965527.31578,41.14162813467499,-8.693521226040195,56.61641111411154
1779965527.3557088,41.14162820388749,-8.693521491238425,56.618670869618654
1779965527.3955758,41.14162826831822,-8.693521763611798,56.62145717535168
1779965527.4357736,41.141628327529325,-8.693522045722316,56.62370151747018
1779965527.475559,41.141628379513605,-8.69352233893431,56.625533380545676
1779965527.515377,41.1416284230857,-8.693522644511189,56.626845768652856
1779965527.5557296,41.14162846275982,-8.693522959186245,56.62697285413742
1779965527.5958035,41.14162849308169,-8.693523280617681,56.62793864030391
1779965527.6358366,41.14162851848185,-8.69352360985183,56.62726186029613
1779965527.6757765,41.141628537268566,-8.69352394427815,56.62696624267846
1779965527.7157702,41.14162854911297,-8.693524284832904,56.62684189993888
1779965527.755701,41.141628561485746,-8.693524623407258,56.625150044448674
1779965527.7956107,41.141628568784895,-8.693524959675965,56.62619149684906
1779965527.8357124,41.141628581825,-8.693525290258833,56.62581482715905
1779965527.875475,41.14162859339934,-8.693525612382262,56.627041563391685
1779965527.9157,41.141628608470995,-8.693525917194835,56.63056725822389
1779965527.955686,41.1416286366145,-8.693526205156251,56.632505275309086
1779965527.9957259,41.14162865797665,-8.693526484852349,56.63792691100389
1779965528.0358405,41.14162868272967,-8.693526753575258,56.64350300934166
1779965528.0758104,41.14162871224278,-8.693527013163528,56.64872009214014
1779965528.1158257,41.14162873388853,-8.693527276421218,56.65510047506541
1779965528.1557856,41.1416287601358,-8.69352753826969,56.659200756810606
1779965528.195621,41.14162878556352,-8.693527794320874,56.66431146208197
1779965528.235805,41.14162881553009,-8.69352804717264,56.66786892618984
1779965528.2755692,41.14162884449962,-8.693528302709485,56.66975804697722
1779965528.3155978,41.14162887805713,-8.693528552480167,56.67150629032403
1779965528.355512,41.14162892096042,-8.693528797810751,56.67084048874676
1779965528.3953702,41.14162896113805,-8.693529046869655,56.66895218659192
1779965528.4354804,41.141629012387114,-8.693529290772364,56.6647677551955
1779965528.4754486,41.14162907144818,-8.693529532054308,56.65785872749984
1779965528.515802,41.14162913013357,-8.693529778231524,56.6488404404372
1779965528.55576,41.14162919707723,-8.693530024867188,56.6362400399521
1779965528.5957067,41.14162926702748,-8.69353027624366,56.62090197764337
1779965528.635834,41.14162934415771,-8.69353053268805,56.60171141382307
1779965528.6756477,41.141629425846475,-8.693530793314162,56.579190293326974
1779965528.71592,41.14162951113822,-8.693531058289182,56.55371810682118
1779965528.7560208,41.14162960541375,-8.693531328683214,56.524263423867524
1779965528.7956054,41.141629698587955,-8.693531603505315,56.492360648699105
1779965528.835434,41.14162979995504,-8.693531878162625,56.45766302291304
1779965528.8751907,41.141629905833426,-8.693532155261732,56.4206326007843
1779965528.91554,41.141630011194174,-8.693532437137078,56.382340031675994
1779965528.9558113,41.141630121403786,-8.693532720658233,56.34265804104507
1779965528.9956753,41.141630229912884,-8.693532999907935,56.304726876318455
1779965529.035644,41.141630338339624,-8.693533275955135,56.26848554704338
1779965529.0754743,41.14163044038538,-8.693533552598774,56.23522286117077
1779965529.1153407,41.14163053327624,-8.693533828969574,56.206651399843395
1779965529.155202,41.14163062573691,-8.69353409447489,56.182729416526854
1779965529.1950512,41.14163071245195,-8.693534346989283,56.16664603538811
1779965529.2351923,41.141630795506536,-8.69353459447376,56.15603831410408
1779965529.2754898,41.14163087932468,-8.693534827910984,56.15203998796642
1779965529.3155503,41.141630957757336,-8.693535055801927,56.15479669254273
1779965529.3555262,41.14163102692391,-8.693535294127257,56.16121067106724
1779965529.3955305,41.14163108970304,-8.69353552285479,56.17466716468334
1779965529.435416,41.14163114366737,-8.69353575471065,56.19134927820414
1779965529.4752884,41.14163118334534,-8.693535991370915,56.21311912406236
1779965529.515192,41.14163121888708,-8.693536219833195,56.240761642344296
1779965529.555188,41.14163125547613,-8.693536439824204,56.27061612717807
1779965529.5950274,41.1416312820761,-8.693536647883525,56.307597829028964
1779965529.6351368,41.14163129617737,-8.693536860820235,56.34721143171191
1779965529.6753466,41.14163130952507,-8.693537061146356,56.38976274430752
1779965529.7157364,41.14163132085759,-8.693537242832662,56.43733832426369
1779965529.7556348,41.14163132575996,-8.693537430914287,56.48418891150504
1779965529.7954278,41.14163132281088,-8.693537609334273,56.534430518746376
1779965529.8353913,41.14163131880158,-8.69353778162165,56.58576710615307
1779965529.8752158,41.14163131139067,-8.693537956219128,56.635700687766075
1779965529.915105,41.141631301349946,-8.693538123021622,56.68634420726448
1779965529.9550436,41.14163129877296,-8.69353828278501,56.73477082606405
1779965529.9950376,41.14163130241287,-8.69353843191901,56.781613022089005
1779965530.035393,41.14163130665285,-8.693538585711059,56.82561403699219
1779965530.0754325,41.141631310602534,-8.693538749375207,56.865742723457515
1779965530.1153696,41.141631322183606,-8.693538914587032,56.901881410740316
1779965530.1553087,41.141631342268916,-8.693539082537598,56.93339152447879
1779965530.195197,41.14163136707728,-8.693539254976246,56.960593924857676
1779965530.2351341,41.14163139975642,-8.6935394386739,56.98147139232606
1779965530.2750096,41.14163144252067,-8.693539619640433,56.99795148614794
1779965530.3149412,41.14163149579029,-8.693539800521885,57.00867077987641
1779965530.354859,41.14163155603781,-8.693539990596317,57.01294961757958
1779965530.3948624,41.14163162618304,-8.69354017240567,57.01319477241486
1779965530.43544,41.14163170205931,-8.693540357963983,57.0077036190778
1779965530.4754598,41.14163178433025,-8.693540543999625,56.99694963917136
1779965530.5156975,41.14163187440713,-8.693540723502979,56.981896970421076
1779965530.5555654,41.1416319657761,-8.693540906002456,56.961636723950505
1779965530.595443,41.141632065624435,-8.693541084299532,56.93667993694544
1779965530.6353369,41.14163216732556,-8.693541260132736,56.908039406873286
1779965530.675158,41.14163227286665,-8.693541431960298,56.8752243835479
1779965530.7151697,41.14163238044794,-8.693541597190285,56.83974742051214
1779965530.7550662,41.141632482203306,-8.693541760978672,56.8022623853758
1779965530.7948909,41.14163258850606,-8.693541917326948,56.7626600144431
1779965530.835434,41.14163268620702,-8.69354207293807,56.7229812880978
1779965530.8755975,41.14163277961705,-8.693542224886254,56.683306499384344
1779965530.9155724,41.14163286992315,-8.693542374290226,56.64416581392288
1779965530.9554756,41.141632944337076,-8.693542532145553,56.607203122228384
1779965530.9953377,41.141633010484625,-8.6935426933286,56.572427096776664
1779965531.0354116,41.141633066801184,-8.69354285548727,56.540671246126294
1779965531.0752828,41.141633111129956,-8.693543023403466,56.51256783027202
1779965531.1151488,41.141633144922785,-8.693543207247556,56.48793789930642
1779965531.155014,41.14163316375245,-8.693543402374003,56.46781594119966
1779965531.1948915,41.14163317867932,-8.693543602610893,56.4524162793532
1779965531.2347846,41.14163318010018,-8.693543815022732,56.44087906554341
1779965531.2746632,41.1416331732923,-8.693544035638087,56.434551677666605
1779965531.3151174,41.14163316313674,-8.693544259801481,56.43265855591744
1779965531.3552651,41.141633141399055,-8.69354449388614,56.435142086818814
1779965531.3952305,41.14163311321031,-8.693544735192177,56.44304284825921
1779965531.435248,41.14163307754789,-8.693544981211915,56.454445905052125
1779965531.4751277,41.1416330367268,-8.693545228754505,56.47090763412416
1779965531.5150476,41.141632989424295,-8.693545479957189,56.49172627180815
1779965531.5549738,41.141632932536886,-8.693545732055297,56.51563764922321
1779965531.5948498,41.1416328742401,-8.693545979095813,56.54444044549018
1779965531.6350296,41.141632808837954,-8.693546224299679,56.57550382241607
1779965531.6747754,41.141632737690195,-8.693546463814789,56.60981352441013
1779965531.7148893,41.1416326645823,-8.693546692380245,56.64747310616076
1779965531.7550972,41.14163258875788,-8.693546912975867,56.68560773041099
1779965531.7951498,41.14163250913672,-8.693547121728672,56.72706302534789
1779965531.835138,41.14163243091949,-8.693547316863436,56.76905501447618
1779965531.875014,41.14163235569745,-8.693547497936514,56.81127033010125
1779965531.9149148,41.1416322842408,-8.693547656764535,56.85569122526795
1779965531.9549496,41.141632220454106,-8.693547799309304,56.89904528018087
1779965531.9947672,41.1416321585682,-8.693547930201598,56.94192399084568
1779965532.0347378,41.14163209907352,-8.693548049673929,56.98395086359233
1779965532.0750968,41.14163204140486,-8.693548164380411,57.02378183603287
1779965532.115195,41.14163198536673,-8.693548274765048,57.06160846166313
1779965532.1552026,41.1416319391537,-8.693548376540564,57.09710996132344
1779965532.1950643,41.141631897853244,-8.693548467624819,57.12959302868694
1779965532.2350245,41.14163186272466,-8.693548558275822,57.158316215500236
1779965532.2749047,41.14163183414948,-8.693548643382979,57.18402933515608
1779965532.3148124,41.14163181480416,-8.693548725447403,57.20496161095798
1779965532.3547304,41.14163180396262,-8.693548810833859,57.22147610317916
1779965532.394628,41.141631799606685,-8.693548886768738,57.23431986756623
1779965532.435073,41.141631807204135,-8.693548962324464,57.241457098163664
1779965532.4747343,41.1416318199682,-8.693549038527767,57.24417893216014
1779965532.5151997,41.141631837721654,-8.693549111430007,57.2426489982754
1779965532.5552294,41.14163186669768,-8.693549185252053,57.23549154493958
1779965532.5951579,41.14163190008609,-8.69354925231821,57.22440067399293
1779965532.6352057,41.14163193717275,-8.693549318744074,57.209052292630076
1779965532.6751075,41.14163198148716,-8.693549379220851,57.1893994146958
1779965532.7149966,41.14163202737693,-8.693549432631736,57.16646557394415
1779965532.7548614,41.14163206759466,-8.69354948902685,57.1401003068313
1779965532.7947512,41.14163211472921,-8.693549532864003,57.11118983477354
1779965532.8347545,41.14163216009251,-8.693549571355458,57.08002893999219
1779965532.8746016,41.141632202671765,-8.693549603004598,57.047524286434054
1779965532.9144778,41.14163224584301,-8.693549622981909,57.014128064736724
1779965532.954425,41.141632282743046,-8.693549636120025,56.980245254933834
1779965532.9948113,41.141632320142,-8.693549634058622,56.947486475110054
1779965533.0350785,41.14163235001006,-8.69354962698363,56.915770086459816
1779965533.0750144,41.14163237257403,-8.693549613266855,56.885809695348144
1779965533.1151068,41.14163239271577,-8.693549585977358,56.8584970748052
1779965533.154951,41.141632403304584,-8.693549555203168,56.83356273826212
1779965533.194836,41.14163241168167,-8.693549513364024,56.81228323932737
1779965533.2348151,41.14163241368413,-8.69354946614809,56.794164676219225
1779965533.2746475,41.141632410468375,-8.693549415887514,56.779223271645606
1779965533.314632,41.14163240480358,-8.69354935981206,56.76878235209733
1779965533.3544564,41.14163238994336,-8.693549305770594,56.76126116607338
1779965533.3943713,41.14163237497528,-8.693549249647727,56.757895856164396
1779965533.4348059,41.141632351825905,-8.693549196878175,56.75800290424377
1779965533.4749084,41.14163232480516,-8.693549147207964,56.76122786849737
1779965533.5149171,41.14163229478877,-8.693549101009943,56.76765493489802
1779965533.5548997,41.14163225503985,-8.693549061460718,56.776502224616706
1779965533.594789,41.14163221693981,-8.693549027173258,56.787991230376065
1779965533.6348612,41.14163217376897,-8.693549000642609,56.80042928643525
1779965533.674682,41.14163212756541,-8.693548981565854,56.81460749078542
1779965533.7145572,41.14163208134124,-8.693548970044102,56.82912115007639
1779965533.7544575,41.14163202998981,-8.693548965962918,56.843376751989126
1779965533.7943594,41.14163198137572,-8.693548973523846,56.85754080861807
1779965533.834571,41.14163193081741,-8.69354899240862,56.86926641315222
1779965533.8747804,41.14163187872466,-8.693549023601099,56.880066277459264
1779965533.914899,41.1416318260788,-8.693549071760751,56.88828871771693
1779965533.9549084,41.141631768516085,-8.693549134913672,56.89326516818255
1779965533.9948041,41.141631715768526,-8.693549211219864,56.89647462032735
1779965534.0347264,41.14163166418989,-8.693549301340408,56.89548006653786
1779965534.074609,41.14163161215306,-8.693549407861992,56.89124390017241
1779965534.1145084,41.1416315631462,-8.693549527745482,56.88462089188397
1779965534.1544616,41.14163151541293,-8.693549657188699,56.87431183643639
1779965534.1943376,41.14163147115921,-8.693549802373958,56.861659947782755
1779965534.2348301,41.14163142413134,-8.693549960647319,56.84611973725259
1779965534.2748492,41.14163138061274,-8.693550130666452,56.82759385649115
1779965534.3149884,41.141631340316806,-8.693550309612702,56.80841355677694
1779965534.35498,41.14163129866435,-8.693550493937105,56.78787272050977
1779965534.3949192,41.14163126556493,-8.6935506847439,56.76673652138561
1779965534.434935,41.14163123697739,-8.693550870718514,56.746498805470765
1779965534.4748085,41.14163121420256,-8.693551057310547,56.726646597497165
1779965534.5148354,41.141631199766294,-8.69355124091701,56.70868093241006
1779965534.5546994,41.1416311923095,-8.693551410785007,56.69326979946345
1779965534.5946057,41.141631198954315,-8.693551568606367,56.681166507303715
1779965534.6346445,41.14163121466696,-8.693551708469652,56.67330988217145
1779965534.674495,41.14163123565828,-8.693551842319284,56.66838354617357
1779965534.7143946,41.141631255778385,-8.693551974241593,56.66747687198222
1779965534.7543032,41.141631275014724,-8.693552094706988,56.67201928701252
1779965534.7941709,41.14163130588062,-8.693552199718988,56.68054776079953
1779965534.8342385,41.14163134204484,-8.693552285470487,56.69368082843721
1779965534.8745267,41.14163137667105,-8.693552359109479,56.71268595196307
1779965534.9146485,41.14163140906364,-8.693552430328154,56.73471917491406
1779965534.9546924,41.14163143813581,-8.693552489840638,56.76068262010813
1779965534.9946613,41.141631470695195,-8.693552532546345,56.79199252463877
1779965535.034891,41.14163150597725,-8.693552560571149,56.82486671488732
1779965535.074706,41.14163153911408,-8.693552573788212,56.861902706325054
1779965535.1147277,41.14163157063438,-8.693552573788356,56.902204021811485
1779965535.1546082,41.14163160429885,-8.69355256181415,56.943171698600054
1779965535.1944566,41.1416316373079,-8.693552527876095,56.98794038873166
1779965535.234415,41.141631671213936,-8.693552481196726,57.032373474910855
1779965535.2748003,41.141631702782924,-8.693552426681826,57.077075655572116
1779965535.3149683,41.14163173399919,-8.69355235863211,57.1232329076156
1779965535.355028,41.14163177006833,-8.693552284457901,57.16665548551828
1779965535.3949912,41.14163180248415,-8.693552205502064,57.20976151898503
1779965535.4350858,41.141631831072466,-8.693552127964773,57.25123525224626
1779965535.4749703,41.14163186267859,-8.693552048883456,57.28956775832921
1779965535.5148804,41.14163189356616,-8.693551969870706,57.32518961839378
1779965535.5548182,41.14163192070257,-8.693551902957896,57.35695252753794
1779965535.594728,41.14163194854319,-8.693551841012596,57.3845813665539
1779965535.6355705,41.14163197883067,-8.693551786755924,57.40762856695801
1779965535.675527,41.14163200928027,-8.693551741159652,57.42608809005469
1779965535.715524,41.141632040939456,-8.693551705994864,57.439031477086246
1779965535.7554603,41.14163207536339,-8.693551682461077,57.4464493971318
1779965535.795387,41.14163211135476,-8.69355166610104,57.4486483130604
1779965535.8353481,41.14163214811982,-8.693551663859669,57.444914729334414
1779965535.8752587,41.14163218640831,-8.693551670371004,57.43574842251837
1779965535.9152584,41.14163222566671,-8.693551686315294,57.42058373428881
1779965535.955306,41.141632261594374,-8.693551716000316,57.399707602337
1779965535.9951568,41.14163229662406,-8.69355175384063,57.3734993878752
1779965536.0351417,41.14163233079159,-8.693551798279929,57.34159789327532
1779965536.0755389,41.14163236349312,-8.693551849092838,57.30462025105953
1779965536.1156979,41.14163239436872,-8.693551906121852,57.26278342586011
1779965536.1557612,41.14163241924325,-8.693551966786549,57.216698876582086
1779965536.1957452,41.141632443086316,-8.693552034723842,57.1663075434044
1779965536.2359452,41.14163246213534,-8.69355210705325,57.11224354058504
1779965536.2758677,41.141632477974625,-8.69355217996048,57.05533112026751
1779965536.3157673,41.1416324924234,-8.693552259839514,56.99511745851487
1779965536.355769,41.141632498452715,-8.693552343022581,56.93347569089383
1779965536.395663,41.14163250432747,-8.693552429106598,56.870123602449894
1779965536.435651,41.14163250646081,-8.693552517164477,56.806013157591224
1779965536.4755425,41.14163250315043,-8.693552607134905,56.74250263907015
1779965536.5155237,41.14163250163022,-8.693552703027468,56.67929217964411
1779965536.5558417,41.14163249673106,-8.693552799115402,56.61837490089238
1779965536.5960689,41.14163249053668,-8.693552903487102,56.559945272281766
1779965536.6363196,41.141632480728134,-8.693553013275725,56.5050857020542
1779965536.6763132,41.14163247103055,-8.693553128779694,56.45441977214068
1779965536.716284,41.141632463633364,-8.693553250374572,56.40925138164312
1779965536.7563207,41.141632451426425,-8.693553376863761,56.37063867133111
1779965536.796236,41.14163244637128,-8.693553510251576,56.33854213729501
1779965536.8363554,41.14163244125051,-8.693553646610406,56.31520171742886
1779965536.8761878,41.14163244093768,-8.693553787410156,56.29946380481124
1779965536.9161859,41.14163244264336,-8.693553939068462,56.29039800725877
1779965536.9560533,41.141632438774984,-8.693554100462581,56.28987327683717
1779965536.996218,41.14163244025964,-8.693554268871479,56.29544312879443
1779965537.0365252,41.14163243797346,-8.693554440385762,56.307770813815296
1779965537.0765994,41.14163243201138,-8.693554617601187,56.328395455144346
1779965537.1166153,41.14163242906834,-8.693554796747364,56.35404837504029
1779965537.156747,41.14163242608339,-8.693554967439567,56.38644140120596
1779965537.1965928,41.14163242118662,-8.693555139416725,56.42558387108147
1779965537.236569,41.141632409368725,-8.693555308858583,56.467705968767405
1779965537.2764702,41.141632398224104,-8.693555467500898,56.51633501332253
1779965537.3163812,41.14163239094315,-8.693555614261502,56.567775814794004
1779965537.3562999,41.14163237541826,-8.693555756095968,56.62083092704415
1779965537.396449,41.14163235813598,-8.693555890215523,56.678556266240776
1779965537.436814,41.141632340225854,-8.693556018469662,56.73543853405863
1779965537.4769208,41.1416323166058,-8.693556142414767,56.79366811271757
1779965537.5170524,41.14163229052246,-8.693556260307348,56.85277626570314
1779965537.556987,41.14163226791211,-8.693556374794994,56.90862348489463
1779965537.596906,41.14163224433533,-8.693556482520556,56.96467811986804
1779965537.636864,41.141632220026125,-8.693556593179471,57.01780661102384
1779965537.6767766,41.14163220011281,-8.693556706060349,57.06668041367084
1779965537.7169206,41.1416321817508,-8.693556817707623,57.11348969489336
1779965537.7568889,41.14163217122918,-8.693556940149003,57.15488216932863
1779965537.7970498,41.14163216170361,-8.693557067733025,57.19123905804008
1779965537.8373682,41.14163216192928,-8.693557200129368,57.22308381740004
1779965537.8773909,41.14163216878485,-8.693557343945118,57.24852854385972
1779965537.9173372,41.14163218079746,-8.693557497035213,57.26746657304466
1779965537.9572911,41.141632204878064,-8.693557657785806,57.280765391886234
1779965537.997166,41.141632230841445,-8.693557825462126,57.287511203438044
1779965538.037085,41.14163226850337,-8.69355800587436,57.28669640701264
1779965538.0769267,41.14163231235738,-8.693558193025256,57.27970436308533
1779965538.1171176,41.14163235868075,-8.693558387640351,57.26606982015073
1779965538.1571417,41.141632413179394,-8.693558595397445,57.245246320962906
1779965538.1972668,41.14163246866516,-8.693558807482908,57.217793923802674
1779965538.2373266,41.14163252659555,-8.693559026351474,57.18423713184893
1779965538.277328,41.14163258822288,-8.69355925257906,57.14360406808555
1779965538.3174024,41.14163265134794,-8.69355948038158,57.0968177607283
1779965538.357242,41.14163271302813,-8.693559709913425,57.04511721804738
1779965538.3970735,41.14163277544913,-8.693559942623407,56.98726100102067
1779965538.4371243,41.141632834521204,-8.69356017508475,56.92524825781584
1779965538.4769528,41.1416328914352,-8.693560404292521,56.85974197089672
1779965538.516808,41.141632946001685,-8.693560631846797,56.790507898665965
1779965538.5569339,41.14163299513174,-8.693560854849729,56.72015833761543
1779965538.5971777,41.14163304059555,-8.693561074492425,56.647968580015004
1779965538.6372995,41.14163307374517,-8.693561297599528,56.575412860140204
1779965538.6772645,41.141633094810416,-8.693561523510514,56.504545249044895
1779965538.7172828,41.141633110035905,-8.693561750975034,56.434967000968754
1779965538.757174,41.14163311961715,-8.693561981779943,56.367760660126805
1779965538.797049,41.1416331190114,-8.693562212723918,56.30565284565091
1779965538.837209,41.14163311028733,-8.693562450969445,56.2476948807016
1779965538.8769715,41.14163309516661,-8.69356269388972,56.19531609211117
1779965538.9171085,41.14163307541889,-8.693562939014843,56.14976670127362
1779965538.9568284,41.14163305610583,-8.693563189185914,56.10967849288136
1779965538.996933,41.14163303789535,-8.693563440930934,56.076729940250516
1779965539.0371666,41.141633018156206,-8.69356370289289,56.0501294573769
1779965539.0772014,41.141632992285835,-8.693563979143402,56.028899108059704
1779965539.1172383,41.14163296680329,-8.693564260340855,56.01457554940134
1779965539.1571734,41.14163294790216,-8.693564544130709,56.0059206020087
1779965539.197063,41.141632921408814,-8.693564842491025,56.003807885572314
1779965539.2370627,41.14163288601655,-8.693565152926762,56.00830592960119
1779965539.2769322,41.14163284927964,-8.69356546730812,56.01911035273224
1779965539.3167965,41.14163281282722,-8.693565785304177,56.03542448952794
1779965539.3566945,41.14163277181632,-8.693566107775244,56.05692548956722
1779965539.396568,41.14163272495921,-8.693566437436216,56.08409364242107
1779965539.4370096,41.14163268212409,-8.693566762228476,56.114366139285266
1779965539.477128,41.14163264061425,-8.693567083217015,56.14875130914152
1779965539.517269,41.14163260014457,-8.693567403282568,56.186126969754696
1779965539.557204,41.14163257227812,-8.693567711650196,56.224241733551025
1779965539.5970953,41.141632550642676,-8.693568013044693,56.264171309769154
1779965539.6372163,41.141632536044895,-8.693568310780083,56.30376687180251
1779965539.6770413,41.141632526648856,-8.693568606613782,56.34284277074039
1779965539.7169285,41.14163252665875,-8.693568897945495,56.380809761583805
1779965539.756853,41.141632543597495,-8.693569183781857,56.41597122699022
1779965539.7967093,41.14163256263629,-8.69356947436438,56.449017921462655
1779965539.8366504,41.14163259831728,-8.693569763746476,56.47833835054189
1779965539.8766465,41.141632646904036,-8.693570052606155,56.50414031371474
1779965539.9172475,41.141632705274034,-8.693570344707364,56.52602222468704
1779965539.9572139,41.141632781710314,-8.69357063675062,56.54319254960865
1779965539.9971142,41.141632868178114,-8.693570929792262,56.55651160143316
1779965540.0371017,41.14163297116715,-8.69357122225872,56.56497381441295
1779965540.0769305,41.14163308464641,-8.693571518470945,56.56915137730539
1779965540.1168487,41.141633209522794,-8.693571815963328,56.56935577932745
1779965540.1568096,41.14163335269722,-8.693572111488246,56.564889028668404
1779965540.1966121,41.14163349708776,-8.69357240832564,56.557718452997506
1779965540.2367096,41.14163365272135,-8.693572702469433,56.54725242499262
1779965540.2769377,41.14163381547653,-8.693572993545681,56.53395801503211
1779965540.3171413,41.14163397813978,-8.693573283476022,56.519207688979805
1779965540.357099,41.14163414616512,-8.693573571244366,56.50272294599563
1779965540.3969622,41.14163431025456,-8.69357385160209,56.48621374834329
1779965540.4372947,41.14163446908401,-8.693574133038974,56.47059117909521
1779965540.4769897,41.14163461646087,-8.69357441476429,56.45610221475363
1779965540.5169568,41.14163475522975,-8.693574686873223,56.443924656137824
1779965540.556722,41.141634884298945,-8.693574958453919,56.43498847261071
1779965540.596562,41.141634984373404,-8.69357523518357,56.430010659620166
1779965540.6365917,41.14163507485528,-8.693575509554414,56.428721375763416
1779965540.6766903,41.141635165883585,-8.693575765321851,56.43085157033056
1779965540.7170224,41.14163525863296,-8.693576003540452,56.435172443278134
1779965540.7572553,41.14163535434524,-8.693576229023241,56.44224856980145
1779965540.7970858,41.14163543632946,-8.693576446451338,56.453331055119634
1779965540.8369985,41.141635507001524,-8.69357666749148,56.46677006781101
1779965540.876883,41.14163556783867,-8.693576880312847,56.48428748548031
1779965540.9168339,41.14163562048835,-8.693577080558887,56.50515576452017
1779965540.9567375,41.141635667221664,-8.693577279201348,56.52822288684547
1779965540.9966137,41.14163569407641,-8.693577472553844,56.55602160748094
1779965541.0366087,41.14163571241173,-8.693577664193263,56.585410887375474
1779965541.076443,41.14163572244563,-8.693577850980338,56.61701365932822
1779965541.1167302,41.14163572020638,-8.693578031648254,56.65143114514649
1779965541.1568854,41.1416357175532,-8.693578209538636,56.68592464271933
1779965541.196909,41.14163570561644,-8.693578376902968,56.72231870982796
1779965541.237123,41.14163569102203,-8.693578541776585,56.75843404699117
1779965541.2769527,41.14163567104099,-8.693578705896236,56.793783941306174
1779965541.3168685,41.14163564588298,-8.69357886452571,56.82885446958244
1779965541.3567448,41.141635621447094,-8.693579023666743,56.861460426822305
1779965541.3966262,41.14163559483797,-8.693579178142627,56.8923340048641
1779965541.436589,41.14163557097404,-8.693579330909914,56.92042803671211
1779965541.4764426,41.14163554848539,-8.693579483163798,56.9451118838042
1779965541.516542,41.14163552406008,-8.693579635888426,56.96692498214543
1779965541.5565717,41.141635501950745,-8.693579791857998,56.984656621702015
1779965541.5967731,41.14163548314184,-8.693579944168368,56.99909112229943
1779965541.6369548,41.14163547092945,-8.69358009003109,57.01046643871814
1779965541.6768937,41.14163546025794,-8.693580238323976,57.01780537609011
1779965541.7168398,41.14163544823653,-8.693580389578589,57.021845052950084
1779965541.756763,41.14163544021143,-8.693580539740058,57.02292304020375
1779965541.7966828,41.14163543056959,-8.69358069072362,57.020315549336374
1779965541.8367515,41.14163542100076,-8.693580840676956,57.01565095875412
1779965541.8766205,41.14163541101484,-8.693580991545748,57.007946703583
1779965541.9171476,41.14163540057414,-8.693581142686263,56.99688168987632
1779965541.956831,41.14163539409478,-8.693581290141427,56.98399382364005
1779965541.9965549,41.14163538510202,-8.693581435488031,56.96837690938264
1779965542.037011,41.14163537832436,-8.693581575446537,56.95088634826243
1779965542.0769613,41.14163537402435,-8.69358170788456,56.93216269556433
1779965542.1170936,41.141635370383185,-8.693581838787733,56.91077981609851
1779965542.1569812,41.14163536723666,-8.693581966180554,56.88855777308345
1779965542.1969182,41.141635363327396,-8.693582089193578,56.864952113479376
1779965542.2377353,41.14163535844995,-8.693582212631735,56.83982897922397
1779965542.2771106,41.14163535242373,-8.693582333114081,56.81432502157986
1779965542.3170497,41.14163534618104,-8.693582451745232,56.78785067703575
1779965542.35688,41.141635338073186,-8.693582573764385,56.760571892373264
1779965542.3965483,41.14163532864609,-8.693582691601495,56.73363390378654
1779965542.4364514,41.141635319226644,-8.693582810994526,56.70632786490023
1779965542.4766352,41.14163530813645,-8.693582932138549,56.67916550580412
1779965542.5168934,41.141635295715425,-8.6935830530567,56.65306355059147
1779965542.5568545,41.14163528272824,-8.693583178115356,56.62703934311867
1779965542.596779,41.14163527035552,-8.693583303080906,56.60234552342445
1779965542.6372066,41.14163525742337,-8.693583430392634,56.579228605143726
1779965542.676909,41.141635246142286,-8.69358356006687,56.557022222317755
1779965542.717018,41.1416352370207,-8.693583690451057,56.53746547549963
1779965542.7567549,41.14163522880562,-8.693583823063575,56.52020743954927
1779965542.7965863,41.141635223251406,-8.693583958657173,56.50483592785895
1779965542.8364885,41.14163521851094,-8.693584095025086,56.49328009597957
1779965542.8763912,41.141635214625886,-8.693584235691604,56.48434160184115
1779965542.916296,41.14163521395672,-8.693584377657638,56.47877478133887
1779965542.956196,41.141635213738574,-8.693584519346258,56.47760274168104
1779965542.9960797,41.141635216868174,-8.693584663656704,56.479775187559426
1779965543.0365117,41.14163521966644,-8.69358480593597,56.486719767563045
1779965543.0766048,41.14163522513996,-8.69358494407218,56.49857565294951
1779965543.1166604,41.1416352329471,-8.693585081098695,56.514349459670484
1779965543.156693,41.141635238737436,-8.693585212155188,56.53547881823033
1779965543.1965408,41.14163524984774,-8.693585335105517,56.56156534794718
1779965543.2365897,41.14163525891747,-8.693585450190191,56.591910146176815
1779965543.2763884,41.141635267502124,-8.693585552788035,56.62814463954419
1779965543.316281,41.14163527720078,-8.69358564181659,56.66891454812139
1779965543.356124,41.1416352832115,-8.69358571475224,56.71426541171968
1779965543.3961105,41.14163529002508,-8.69358576563258,56.765591172501445
1779965543.4364738,41.14163529444364,-8.69358579728066,56.82044969685376
1779965543.4765208,41.14163529870153,-8.693585803095262,56.87998732086271
1779965543.5165238,41.14163530279473,-8.693585783119465,56.9434469062835
1779965543.5565054,41.14163530144739,-8.693585746544894,57.00839873030782
1779965543.5963902,41.141635298199546,-8.693585680822295,57.07716052047908
1779965543.636345,41.14163529441594,-8.693585596759796,57.146681217476726
1779965543.6762333,41.14163529144844,-8.693585492722127,57.21607832610607
1779965543.7161114,41.14163528542542,-8.693585363820938,57.28750479966402
1779965543.7559962,41.14163527326253,-8.693585228722858,57.35743795149028
1779965543.7962227,41.14163525884226,-8.693585078232436,57.4264329681173
1779965543.8364365,41.14163524064921,-8.693584913935144,57.49491212237626
1779965543.876492,41.141635221642446,-8.693584746732062,57.55957190319896
1779965543.91647,41.1416351989987,-8.693584574213972,57.622268066741526
1779965543.956382,41.14163517160343,-8.6935844034129,57.68204158358276
1779965543.9962907,41.141635140439504,-8.693584236202511,57.737094486132264
1779965544.0363512,41.141635100180544,-8.693584077516423,57.788533427752554
1779965544.0762634,41.14163505251696,-8.693583928605015,57.83545695710927
1779965544.1161625,41.14163500004099,-8.693583793069875,57.87676902953535
1779965544.1560047,41.14163493709502,-8.693583672302251,57.91323706973344
1779965544.1959114,41.14163486828943,-8.693583563039946,57.94441916234791
1779965544.2362192,41.14163479570459,-8.693583469417964,57.9686148352921
1779965544.2763808,41.141634715425226,-8.693583386280771,57.98764187376946
1779965544.3164527,41.14163463339846,-8.693583317115438,57.99985159188509
1779965544.356451,41.14163454784056,-8.693583261771908,58.00480395834893
1779965544.396358,41.14163445870668,-8.693583212801565,58.00379936769605
1779965544.436322,41.141634362181534,-8.693583173088259,57.99661474954337
1779965544.476222,41.14163426410971,-8.693583138183254,57.98256616014987
1779965544.5161886,41.14163416149511,-8.693583104156302,57.96269219554961
1779965544.5561118,41.14163405052874,-8.693583074610176,57.93726745713502
1779965544.5959938,41.141633942719764,-8.693583038228315,57.90532895922661
1779965544.6360934,41.14163383237178,-8.693582992930445,57.86858312878758
1779965544.6759083,41.14163371779132,-8.693582942143848,57.826821714639664
1779965544.7158573,41.14163360262424,-8.69358288520582,57.779217310249805
1779965544.7562113,41.14163348223109,-8.693582820365238,57.72773854713887
1779965544.796373,41.14163336271413,-8.69358274306315,57.671599419787526
1779965544.8365493,41.14163324533828,-8.693582646827716,57.61248942185193
1779965544.876426,41.141633131449275,-8.693582531801638,57.55062735173851
1779965544.9164665,41.14163302050882,-8.69358240289918,57.48520392924547
1779965544.9564369,41.14163290396465,-8.693582266148056,57.41800831723958
1779965544.996236,41.14163279067232,-8.693582118829701,57.347967692650855
1779965545.0361757,41.14163268099221,-8.693581956368966,57.27723638061434
1779965545.0760264,41.141632576860296,-8.693581782252956,57.20541430730373
1779965545.1159842,41.14163247901854,-8.69358159726365,57.13316455576569
1779965545.1558974,41.14163238065311,-8.693581404493512,57.06243164371699
1779965545.1961615,41.14163229379785,-8.69358120676612,56.99110074900091
1779965545.2364025,41.14163220926641,-8.693581006376089,56.92234491370618
1779965545.2763276,41.14163213299483,-8.693580802674179,56.85565944574773
1779965545.3164535,41.14163206632099,-8.693580597500228,56.79116579145193
1779965545.3562226,41.14163199761535,-8.69358039824481,56.731338704004884
1779965545.3960516,41.141631940276625,-8.693580207999918,56.674458897672594
1779965545.4359694,41.14163188462702,-8.693580026814143,56.62222361844033
1779965545.4757986,41.14163183582943,-8.69357985376654,56.575592340901494
1779965545.5159006,41.14163179234961,-8.693579694073726,56.53335752617568
1779965545.5561411,41.14163174003839,-8.693579554719632,56.49742120038718
1779965545.5962014,41.14163169416298,-8.693579436280869,56.46780565753579
1779965545.6363833,41.14163164434898,-8.693579336701397,56.443751816637814
1779965545.6762557,41.14163159324057,-8.69357925984407,56.42642479669303
1779965545.7163463,41.14163154439532,-8.693579205364559,56.414808104746044
1779965545.7561314,41.141631491952396,-8.693579163930222,56.408046735450625
1779965545.7959602,41.141631450709205,-8.69357913596339,56.40720882732421
1779965545.8358982,41.14163140456093,-8.69357912385256,56.41101435478777
1779965545.8757122,41.14163135413183,-8.693579129245554,56.41944960691035
1779965545.9162173,41.14163130316822,-8.693579148781618,56.43292542267591
1779965545.9564278,41.141631244369634,-8.693579177320078,56.449641223065555
1779965545.996331,41.14163118677562,-8.693579220813985,56.470642790198326
1779965546.0364964,41.141631119873196,-8.6935792769154,56.49484665784985
1779965546.0762267,41.14163104674211,-8.693579344653653,56.521190885454416
1779965546.1160629,41.14163097204812,-8.693579421383776,56.55073990114033
1779965546.1559331,41.14163088550507,-8.693579506384197,56.581403779797256
1779965546.1957958,41.14163080033694,-8.693579600878508,56.613911603577435
1779965546.235721,41.14163071407186,-8.693579694117526,56.64769085496664
1779965546.2755995,41.14163062377594,-8.693579795853905,56.6814134567976
1779965546.3160396,41.14163053149273,-8.693579907377591,56.715287941507995
1779965546.3561404,41.141630440734474,-8.693580014926049,56.748752982355654
1779965546.396132,41.14163035347243,-8.693580131591526,56.78093615639955
1779965546.4361086,41.1416302661886,-8.693580251202933,56.811989835463464
1779965546.4760253,41.14163018443632,-8.693580372858476,56.841175958514214
1779965546.5162396,41.14163011115084,-8.693580497896196,56.868049652315676
1779965546.55602,41.141630042913775,-8.693580621883562,56.89239354338497
1779965546.595844,41.141629983413964,-8.693580751964769,56.91445478145033
1779965546.6357434,41.141629933237716,-8.693580881272991,56.93348577711731
1779965546.675598,41.141629892333064,-8.69358101253191,56.94953453261405
1779965546.7156196,41.1416298615989,-8.693581149189754,56.9620592482388
1779965546.7559378,41.14162983920851,-8.693581286762683,56.97038187365979
1779965546.7960322,41.14162982870721,-8.693581430480798,56.97560200188309
1779965546.836222,41.14162982860076,-8.693581574475301,56.97648590058088
1779965546.8760862,41.1416298392394,-8.693581718275993,56.973723938688636
1779965546.9161603,41.1416298623144,-8.69358186477771,56.966721528209746
1779965546.9560242,41.14162989506546,-8.693582010885574,56.95503821223974
1779965546.9958904,41.14162993665133,-8.693582161506704,56.9398752246052
1779965547.0357406,41.14162998734048,-8.693582312414186,56.919720453210175
1779965547.0755892,41.14163004647427,-8.693582463045338,56.89542825240642
1779965547.115478,41.141630111141126,-8.693582618106502,56.86751297209412
1779965547.1556933,41.141630178747306,-8.693582776089233,56.83495185524225
1779965547.195959,41.141630248341144,-8.69358293763409,56.799302336759865
1779965547.2360616,41.141630317167156,-8.693583101162647,56.76041007600725
1779965547.2760024,41.14163038215676,-8.693583269732102,56.718464493751526
1779965547.3160875,41.14163044456592,-8.693583440420012,56.67510086018592
1779965547.3559399,41.141630502205466,-8.693583611162891,56.62991338968277
1779965547.3957846,41.14163055394084,-8.693583788431738,56.583848730660975
1779965547.4357038,41.14163059672601,-8.693583965832966,56.53893955331296
1779965547.4755867,41.1416306312807,-8.693584146655885,56.49445108138025
1779965547.5156984,41.14163065552352,-8.693584332423086,56.45241078082472
1779965547.5555108,41.141630669152846,-8.69358452129838,56.413509278558195
1779965547.5957668,41.14163067611893,-8.693584713923427,56.376753834076226
1779965547.6374242,41.141630672625766,-8.693584909751902,56.344541632570326
1779965547.6767619,41.141630659403944,-8.693585112708929,56.31633076630533
1779965547.717448,41.14163064200021,-8.693585320166955,56.29202063847333
1779965547.7566419,41.14163061860893,-8.693585530910616,56.27267857827246
1779965547.7962375,41.14163058814912,-8.693585752761564,56.25755939166993
1779965547.835996,41.14163055675605,-8.693585976437603,56.246544615365565
1779965547.8757956,41.14163052267396,-8.693586202554778,56.24093862064183
1779965547.9160016,41.14163047857344,-8.693586438291652,56.23943937011063
1779965547.9557447,41.14163043088647,-8.693586674467467,56.24243018310517
1779965547.9955451,41.14163037846913,-8.693586913883943,56.250577942468226
1779965548.035878,41.141630320893036,-8.693587157568263,56.26159392762929
1779965548.0758948,41.14163025771758,-8.693587404706092,56.27688905317336
1779965548.1159322,41.141630192370194,-8.69358765404526,56.29501557070762
1779965548.1558547,41.14163012733042,-8.69358790406678,56.314629879780114
1779965548.1957238,41.141630054945324,-8.693588159478187,56.33746108226478
1779965548.2357044,41.14162998501183,-8.693588414181523,56.36082467623055
1779965548.2755284,41.141629915347785,-8.693588669854186,56.38496470917016
1779965548.3154838,41.1416298422658,-8.693588930014398,56.40971629228443
1779965548.3554332,41.141629772977986,-8.693589189846925,56.43333562090993
1779965548.3957179,41.141629706218936,-8.693589450095525,56.45668508671224
1779965548.4359875,41.14162964075434,-8.693589711502764,56.47914118692279
1779965548.475867,41.14162957802601,-8.693589976193266,56.49966268055141
1779965548.5157626,41.1416295215792,-8.693590238494863,56.51897451095283
1779965548.5556672,41.1416294735418,-8.693590501238749,56.53617566637695
1779965548.595587,41.141629426085814,-8.693590766499316,56.55121906939894
1779965548.6358395,41.1416293875201,-8.693591029297577,56.56460297573358
1779965548.6755955,41.14162935637091,-8.693591293330687,56.57501013763249
1779965548.7155094,41.14162932932721,-8.693591559720454,56.58313293661922
1779965548.7553449,41.14162931326434,-8.693591825496204,56.589102634228766
1779965548.7953312,41.141629296637305,-8.693592096039172,56.592173440381885
1779965548.8357444,41.141629286534126,-8.693592369944215,56.59303673636168
1779965548.8758445,41.141629279960306,-8.693592647061553,56.591557590290904
1779965548.9160233,41.14162927567428,-8.693592928429954,56.587152174673975
1779965548.9559286,41.14162927891583,-8.693593209980657,56.58101541362703
1779965548.9957654,41.14162928228614,-8.693593495778979,56.57232805341482
1779965549.0358636,41.14162929082895,-8.693593784714434,56.56101547461003
1779965549.0756674,41.141629300673785,-8.69359407546242,56.548340612091124
1779965549.115742,41.141629311980545,-8.69359437014491,56.5329694757238
1779965549.1555028,41.1416293333723,-8.693594662971925,56.515844812616706
1779965549.1953175,41.141629354646525,-8.693594952580701,56.49766766652465
1779965549.235324,41.14162938228732,-8.69359524283826,56.47713532298803
1779965549.2754815,41.14162941222555,-8.69359553131729,56.45566955860704
1779965549.3157659,41.141629442862886,-8.693595817554375,56.43330212496221
1779965549.3557525,41.14162948177543,-8.693596102593602,56.40935517754406
1779965549.395773,41.14162952028756,-8.693596382094341,56.38525675423443
1779965549.435709,41.141629562268584,-8.693596661151277,56.36046410445124
1779965549.4755795,41.141629605746076,-8.693596937760134,56.33543555345386
1779965549.5154867,41.14162964939041,-8.693597210444256,56.31074058171362
1779965549.5554082,41.14162969685863,-8.693597484561968,56.2855366980657
1779965549.5953689,41.14162974007584,-8.693597757420763,56.26125293504447
1779965549.6354043,41.141629785938406,-8.693598029593096,56.23744742292911
1779965549.6751719,41.14162983036092,-8.69359830387034,56.21422066446394
1779965549.7154324,41.14162987060087,-8.693598581204782,56.192180338315666
1779965549.7556221,41.14162991200173,-8.693598861874104,56.170794608071446
1779965549.7956548,41.141629947828086,-8.69359914727783,56.15080131124705
1779965549.8357277,41.141629981544725,-8.693599440732351,56.132051698863506
1779965549.875686,41.14163001033078,-8.69359974035603,56.114826935343444
1779965549.9155724,41.1416300351733,-8.693600043321297,56.09943522885442
1779965549.955495,41.141630058823765,-8.693600353800939,56.085258225910366
1779965549.9953434,41.141630074671625,-8.693600672609424,56.073295186273754
1779965550.0353787,41.14163008732837,-8.693600999965096,56.06326634902507
1779965550.0752227,41.141630097346514,-8.693601334513149,56.05531985685229
1779965550.1150565,41.14163010374307,-8.693601675166633,56.049924469552934
1779965550.155388,41.14163011171287,-8.693602019606036,56.04650296550244
1779965550.1955178,41.141630119327125,-8.693602366054932,56.0457250373438
1779965550.2356086,41.14163012637499,-8.69360271777946,56.04706844408065
1779965550.2755277,41.141630132289976,-8.693603073949065,56.051180550828576
1779965550.3154705,41.14163014082692,-8.693603429486046,56.05814444459975
1779965550.3553813,41.1416301559844,-8.693603780833959,56.067777406424284
1779965550.3952827,41.14163017375306,-8.693604127078693,56.08083075936884
1779965550.4355304,41.14163019257731,-8.693604475802449,56.09528928902
1779965550.4752243,41.14163020912217,-8.693604826880467,56.11254499107599
1779965550.5150611,41.14163022512041,-8.693605177980785,56.132694479078054
1779965550.5554268,41.141630245908566,-8.693605524918535,56.15415175817907
1779965550.5955563,41.14163026771123,-8.693605867104043,56.17888921033591
1779965550.6356242,41.141630293316965,-8.69360620630935,56.20492323022336
1779965550.6755672,41.14163031784641,-8.693606544328484,56.232747302390635
1779965550.7155972,41.14163034050683,-8.693606878972421,56.26319637708366
1779965550.7555296,41.14163036607942,-8.693607210173797,56.29410409554839
1779965550.7954063,41.14163038942546,-8.693607536497007,56.32720511779189
1779965550.8353698,41.14163041468806,-8.693607857570793,56.36161202006042
1779965550.8752518,41.14163044098498,-8.693608173277408,56.396238097921014
1779965550.9152496,41.14163046624036,-8.693608480977636,56.4324514484033
1779965550.9551485,41.141630495080676,-8.69360878362625,56.46881170757115
1779965550.995025,41.14163052234479,-8.693609077481005,56.50531457923353
1779965551.035373,41.141630552763125,-8.69360936335728,56.542320754379034
1779965551.0751185,41.14163058643021,-8.693609640470058,56.57883852254599
1779965551.1153991,41.141630620783545,-8.693609909000509,56.61525144986808
1779965551.1554885,41.14163065708289,-8.693610174502624,56.651220539584756
1779965551.19545,41.14163069289312,-8.693610428355402,56.68647158704698
1779965551.2354863,41.14163073246413,-8.693610675908793,56.72084728907794
1779965551.2753303,41.141630773177276,-8.69361091569339,56.7545404471457
1779965551.3152623,41.14163081481341,-8.693611148130234,56.78700426034629
1779965551.3551507,41.141630861405346,-8.693611377956787,56.81819155346602
1779965551.3950691,41.14163090491347,-8.693611597951392,56.8485115300864
1779965551.4350543,41.14163095003339,-8.693611816497569,56.87698406726122
1779965551.4754012,41.141630991968526,-8.693612033408023,56.90429466962814
1779965551.515457,41.14163103079192,-8.693612248798663,56.92972924653441
1779965551.5554423,41.14163107140252,-8.693612464411002,56.95319237560034
1779965551.5954227,41.14163110469591,-8.693612676494462,56.97558953799307
1779965551.6353245,41.14163113671715,-8.693612890499006,56.99563988298178
1779965551.6752198,41.14163116751042,-8.693613101259636,57.01405660063028
1779965551.7151155,41.1416311942497,-8.69361330969338,57.03073490317911
1779965551.7550113,41.14163122160781,-8.69361352111511,57.04507476370782
1779965551.7949033,41.141631245888405,-8.693613722559292,57.058378770947456
1779965551.8351026,41.14163127086045,-8.69361392130723,57.069769157096744
1779965551.8753064,41.14163129449639,-8.693614114629446,57.07986710127443
1779965551.9155552,41.14163131537031,-8.693614297081389,57.08946623466909
1779965551.9555645,41.141631335722344,-8.693614473333385,57.098034128546715
1779965551.9954047,41.14163135205172,-8.693614633367348,57.10719812568277
1779965552.035336,41.14163136415239,-8.693614784383616,57.1163491057232
1779965552.0752687,41.141631371880585,-8.69361492213465,57.126166021451354
1779965552.1151814,41.141631375472265,-8.693615040162367,57.13783492613584
1779965552.1550148,41.14163137560059,-8.693615151197344,57.149610546417534
1779965552.1949189,41.14163137099653,-8.693615239846576,57.16347610577941
1779965552.2351282,41.14163136501804,-8.693615313231007,57.17872513551265
1779965552.2753491,41.14163135382561,-8.693615375298336,57.194683897309005
1779965552.315393,41.141631335558294,-8.693615420333126,57.21268902532756
1779965552.3554165,41.14163131310237,-8.693615458433435,57.23078931868076
1779965552.3953485,41.14163128597547,-8.693615484734332,57.248979235067964
1779965552.4354615,41.141631252388855,-8.693615503210625,57.26821520086378
1779965552.4753015,41.14163121784315,-8.693615512313553,57.28679576702416
1779965552.5152876,41.14163118249719,-8.693615510202118,57.304816405288875
1779965552.5551083,41.14163114434861,-8.693615502560977,57.322765577584505
1779965552.5949483,41.141631108516236,-8.69361548485059,57.338928679935634
1779965552.6350167,41.14163107247548,-8.693615461608513,57.35422427766025
1779965552.674826,41.141631038162295,-8.693615430512448,57.36843528132886
1779965552.7151585,41.141631006393666,-8.693615394565686,57.37990974262357
1779965552.7553349,41.14163097229176,-8.69361535753496,57.38988810963929
1779965552.7953935,41.141630941609044,-8.693615315234124,57.397547700442374
1779965552.835467,41.14163090872999,-8.693615276938486,57.401755560189486
1779965552.875366,41.141630872733316,-8.693615241621364,57.40362632647157
1779965552.9154198,41.14163083799261,-8.693615210404582,57.40172630921006
1779965552.9553156,41.14163080097561,-8.693615186289911,57.39607876073569
1779965552.9952068,41.141630765814334,-8.69361516529069,57.386959318071604
1779965553.0351374,41.14163073140228,-8.69361515242841,57.37325031962246
1779965553.0750246,41.14163070136634,-8.693615145229623,57.35481757577509
1779965553.1149518,41.14163067735929,-8.693615140610925,57.332651022821665
1779965553.1550202,41.141630654048846,-8.69361514390564,57.305962927639484
1779965553.194815,41.14163064243842,-8.693615151534646,57.27412021905184
1779965553.2350075,41.14163063500655,-8.693615162536439,57.23945656698197
1779965553.275274,41.141630633505514,-8.693615179334426,57.199941891245544
1779965553.3154235,41.141630642190606,-8.693615194528507,57.157500337809324
1779965553.3554754,41.14163065868792,-8.693615207767447,57.11343049351126
1779965553.3953254,41.14163068746405,-8.693615219419241,57.06554861180484
1779965553.4352565,41.14163072370108,-8.693615227180162,57.01788797881454
1779965553.4751003,41.141630771988325,-8.693615228475064,56.96943707857281
1779965553.5149686,41.14163082851723,-8.69361522782983,56.92017176002264
1779965553.5548728,41.14163088665367,-8.693615225989817,56.873393514193594
1779965553.5947204,41.14163095413879,-8.69361522140278,56.82751869875938
1779965553.6351125,41.14163102226239,-8.693615216696317,56.784983890131116
1779965553.6752312,41.141631088208946,-8.693615215503016,56.74702358432114
1779965553.7152684,41.14163115339526,-8.693615219868034,56.712708454579115
1779965553.7552202,41.14163121012307,-8.693615228471314,56.68424652609974
1779965553.795119,41.141631263252016,-8.693615248663331,56.66149457357824
1779965553.8352914,41.141631299582905,-8.69361528177619,56.64512517955154
1779965553.8750675,41.14163132935126,-8.693615323349634,56.63537317980081
1779965553.9149597,41.14163134992498,-8.693615377252016,56.6325718620792
1779965553.9547896,41.14163134729711,-8.693615445452442,56.63667012937367
1779965553.9949386,41.14163134160387,-8.693615523050855,56.64717373345047
1779965554.0354378,41.14163133471638,-8.693615597482102,56.66337527707219
1779965554.0753686,41.141631315202574,-8.693615681131387,56.68487906549126
1779965554.1154096,41.14163127745999,-8.693615779145842,56.71291855443269
1779965554.155289,41.141631223393055,-8.693615879058836,56.74529300443828
1779965554.1951315,41.14163116145679,-8.693615985516155,56.78226085100323
1779965554.2350774,41.14163108090053,-8.693616096424186,56.824029898270965
1779965554.274918,41.14163098680278,-8.693616211303713,56.86821429245174
1779965554.315094,41.14163088560909,-8.693616325736734,56.91532592661679
1779965554.3550453,41.14163077243521,-8.693616436995264,56.96416187938303
1779965554.3952355,41.14163065117762,-8.69361655477316,57.01330392062664
1779965554.4352846,41.141630529924974,-8.693616664500398,57.06309301406145
1779965554.4752197,41.141630409174425,-8.693616769400089,57.112101142294705
1779965554.5152593,41.141630288388754,-8.69361687417879,57.159456758759916
1779965554.5551887,41.141630176128984,-8.693616965356497,57.20530482009053
1779965554.5949976,41.14163007377472,-8.693617053306456,57.24852036871016
1779965554.634867,41.14162997686328,-8.693617139073947,57.28848692495376
1779965554.6747417,41.141629888092105,-8.693617220855923,57.325437219813466
1779965554.7148573,41.141629813713074,-8.6936172984537,57.358333389274776
1779965554.7551136,41.14162975164363,-8.69361737221634,57.386889565736055
1779965554.7952042,41.14162969592419,-8.693617447538996,57.411421954631805
1779965554.835238,41.14162964635092,-8.693617529110643,57.430494338274
1779965554.8752205,41.14162960332117,-8.693617614422429,57.44486682675779
1779965554.915322,41.141629565130394,-8.6936177052596,57.454676697961986
1779965554.9551628,41.14162953022354,-8.693617806018432,57.4591830316931
1779965554.9950213,41.14162949852162,-8.693617913314588,57.45895390026271
1779965555.03497,41.14162946892745,-8.693618024781815,57.45440129004419
1779965555.07481,41.14162944042786,-8.693618143463985,57.44497139658779
1779965555.11471,41.14162941157547,-8.693618269464654,57.43135788012296
1779965555.1548545,41.141629379505815,-8.693618400053065,57.41430532839149
1779965555.195099,41.14162934781296,-8.69361853500514,57.39294870942831
1779965555.2354057,41.141629315280014,-8.69361867126859,57.36831516958773
1779965555.2753334,41.1416292765398,-8.693618810090566,57.34103657864034
1779965555.315549,41.14162922816958,-8.693618951452047,57.31160264927894
1779965555.3553278,41.141629171493626,-8.693619089797995,57.28147216606885
1779965555.3951097,41.141629102439886,-8.693619226892842,57.25064597930759
1779965555.4351654,41.14162902517295,-8.693619359224032,57.22006188519299
1779965555.4749398,41.141628945453256,-8.693619480180269,57.18992019537836
1779965555.51481,41.141628864279554,-8.693619589871798,57.16023010388017
1779965555.5547216,41.141628778981634,-8.693619692617029,57.131985074840486
1779965555.594624,41.14162868642699,-8.693619788115829,57.10489733424038
1779965555.6349912,41.14162859654808,-8.693619871746368,57.07937058992684
1779965555.6751423,41.14162850819698,-8.693619945799764,57.055282588116825
1779965555.7152288,41.14162841870778,-8.693620013023285,57.03313603810966
1779965555.755167,41.14162833286614,-8.693620071389503,57.01254144497216
1779965555.7950664,41.141628252366864,-8.693620120173676,56.993749391287565
1779965555.835057,41.14162817348357,-8.693620165546855,56.976814813911915
1779965555.874915,41.14162810028234,-8.693620205869305,56.96068755351007
1779965555.9149392,41.141628036190966,-8.693620236294542,56.94636305514723
1779965555.9548168,41.14162797822753,-8.693620262095433,56.9331872491166
1779965555.9946434,41.141627930013286,-8.69362028371298,56.920483792200685
1779965556.0348601,41.14162789145658,-8.693620300939669,56.90857999864966
1779965556.0750904,41.14162786364681,-8.693620315000054,56.89670172985643
1779965556.1151614,41.14162784660281,-8.693620327724712,56.88437654916197
1779965556.155159,41.14162783663334,-8.6936203411881,56.87201226595789
1779965556.1950827,41.141627837790054,-8.693620355382679,56.85865580756217
1779965556.2351065,41.14162784335009,-8.69362037363722,56.84436885640025
1779965556.2749763,41.141627854273715,-8.69362039627973,56.82972978614271
1779965556.3149219,41.14162787219335,-8.693620425688906,56.8131551342085
1779965556.3547707,41.141627890155306,-8.693620461943944,56.79587478097528
1779965556.3946047,41.14162791515243,-8.693620505712879,56.77787923067808
1779965556.4349732,41.14162794192855,-8.693620555642328,56.75862015876919
1779965556.4750736,41.14162796875921,-8.693620613858098,56.73959865514189
1779965556.5153582,41.14162799685059,-8.69362068340256,56.72044647671282
1779965556.555219,41.14162802121933,-8.69362075975275,56.701332312077284
1779965556.595034,41.14162804788048,-8.693620845530079,56.68351482320577
1779965556.6350663,41.14162807087876,-8.693620937995714,56.66709302831441
1779965556.6748312,41.14162808983341,-8.693621038311186,56.652409583330154
1779965556.7149472,41.14162810581031,-8.69362114527307,56.640480348840356
1779965556.7547703,41.14162811578935,-8.693621258414382,56.630741368979216
1779965556.7945466,41.14162812351145,-8.693621377566073,56.62378109525889
1779965556.8349512,41.14162812269734,-8.69362150413806,56.61983518023044
1779965556.8750646,41.1416281134272,-8.693621640269388,56.618167699314654
1779965556.9153054,41.14162809759162,-8.693621783302646,56.61979008466005
1779965556.9552183,41.14162807256133,-8.693621931415038,56.624061454087496
1779965556.995066,41.141628040825445,-8.693622090626773,56.63071805238724
1779965557.0351102,41.141628001616006,-8.693622253919957,56.64036645460874
1779965557.074944,41.14162795481914,-8.693622424172622,56.652037512511015
1779965557.1148548,41.141627900951306,-8.693622606015351,56.66552574746311
1779965557.1547549,41.1416278410614,-8.693622792557658,56.68106712028384
1779965557.1946628,41.141627775616556,-8.693622989804018,56.69727896898985
1779965557.2345483,41.14162770596507,-8.693623192665767,56.714252202771604
1779965557.2746425,41.141627634513476,-8.693623400602501,56.73183450009674
1779965557.315046,41.14162756441587,-8.693623613397133,56.749125769361854
1779965557.3550959,41.14162749427171,-8.693623826607594,56.76635225955397
1779965557.3951077,41.14162742435036,-8.693624048526901,56.782679193653166
1779965557.4350924,41.14162735853317,-8.693624273065826,56.79731076955795
1779965557.47496,41.14162729868527,-8.693624499235849,56.81070931814611
1779965557.5148985,41.14162724308561,-8.693624731289482,56.821887395344675
1779965557.5547793,41.1416271948417,-8.693624961236427,56.83093214407563
1779965557.5946577,41.14162715743198,-8.693625193782482,56.8378400625661
1779965557.634913,41.14162712644708,-8.693625427442369,56.84167982451618
1779965557.6746333,41.14162710286091,-8.693625662372552,56.84333262685686
1779965557.7146897,41.14162709115592,-8.693625898025122,56.84239601530135
1779965557.7549458,41.14162708522741,-8.693626133229648,56.83873450011015
1779965557.7950592,41.141627085250256,-8.693626370586891,56.83337687049061
1779965557.8352063,41.141627092862294,-8.693626606835425,56.82524651475251
1779965557.8750863,41.14162710316421,-8.693626843508602,56.815267655067146
1779965557.9151688,41.141627111400766,-8.693627083140587,56.804308644495904
1779965557.9557421,41.14162712052314,-8.693627323718491,56.79152217134833
1779965557.995231,41.14162712554011,-8.693627563995095,56.778394527733326
1779965558.034984,41.1416271259128,-8.6936278041876,56.76497557014227
1779965558.0747366,41.14162712391389,-8.693628043119265,56.75086956936866
1779965558.1145794,41.14162711659079,-8.693628280225022,56.737737599760294
1779965558.1544204,41.14162710459635,-8.693628518674204,56.7245460068807
1779965558.194774,41.141627085857536,-8.693628755396466,56.712267559953034
1779965558.235177,41.141627064270985,-8.693628987586544,56.70167432166636
1779965558.2751677,41.14162703390015,-8.693629222032188,56.69174226839095
1779965558.3150496,41.14162699276213,-8.693629457648854,56.683880906552076
1779965558.3549395,41.14162694933814,-8.693629690788446,56.677555930800736
1779965558.3948295,41.1416268980141,-8.693629923487771,56.672755762934685
1779965558.4348006,41.141626841502884,-8.693630155077484,56.670127785764635
1779965558.4746444,41.14162678192106,-8.693630384489573,56.66911388467997
1779965558.5145345,41.14162671817399,-8.69363061247302,56.669445970095694
1779965558.5544229,41.14162665321577,-8.693630838711206,56.671825636178255
1779965558.5945601,41.14162658536715,-8.693631061419758,56.67537468113005
1779965558.6348667,41.141626520597605,-8.693631280527525,56.67976291105151
1779965558.6749554,41.14162645802992,-8.693631492745729,56.68607125245035
1779965558.7151196,41.141626397510244,-8.693631701496166,56.69242963846773
1779965558.7550457,41.141626342064676,-8.693631906086532,56.69949694164097
1779965558.7949252,41.14162629199607,-8.693632101352435,56.70766907464713
1779965558.834905,41.141626247617424,-8.693632294748134,56.71506137307733
1779965558.8747938,41.14162620947416,-8.693632481011,56.72322204057127
1779965558.914764,41.14162617741148,-8.693632662079887,56.731007997877896
1779965558.954688,41.14162615127227,-8.69363284308948,56.73748589493334
1779965558.9945686,41.14162613240834,-8.693633016582003,56.74434189591557
1779965559.0345087,41.14162612034922,-8.693633188334683,56.74964949302375
1779965559.0744088,41.141626114337974,-8.693633358188205,56.7538739554584
1779965559.1144145,41.141626114969945,-8.693633524849979,56.75761164166033
1779965559.1544626,41.14162612138133,-8.693633695061523,56.758951272815466
1779965559.1948082,41.14162613283854,-8.693633862435261,56.75924927927554
1779965559.2350461,41.14162615084977,-8.693634029340824,56.758136483840644
1779965559.275008,41.141626174501255,-8.693634199300655,56.7542764255777
1779965559.3149881,41.141626200313844,-8.69363437152242,56.74891850724816
1779965559.3549855,41.141626228322764,-8.693634550059741,56.741144803352654
1779965559.3948472,41.141626258578825,-8.693634733629489,56.73046907503158
1779965559.434823,41.14162629200565,-8.6936349202698,56.718082568608224
1779965559.4746008,41.14162632549307,-8.69363511560918,56.70268843881786
1779965559.5146046,41.14162635797583,-8.693635319523136,56.68466741871089
1779965559.5546384,41.141626390037494,-8.69363552921404,56.66508817020804
1779965559.5948274,41.14162642208996,-8.693635748739899,56.64221552014351
1779965559.634916,41.141626451542436,-8.693635977707928,56.61745638307184
1779965559.6748626,41.141626478052814,-8.693636215318483,56.59099691454321
1779965559.7149894,41.14162650406908,-8.69363646001573,56.56221390515566
1779965559.7548149,41.14162652897216,-8.693636710528516,56.53290939331055
1779965559.7947106,41.1416265516892,-8.693636965902458,56.502643953077495
1779965559.8345895,41.14162657494638,-8.6936372248118,56.471858873963356
1779965559.8744485,41.14162660123828,-8.69363748258865,56.44205762818456
1779965559.9145317,41.14162662570827,-8.69363774373843,56.41275414824486
1779965559.9546576,41.14162664810616,-8.69363800755036,56.38475840073079
1779965559.9948542,41.141626672512714,-8.693638267921568,56.35964399483055
1779965560.0349414,41.14162669523427,-8.693638529159433,56.33665794506669
1779965560.074893,41.14162671345607,-8.69363879166959,56.31706110853702
1779965560.115391,41.14162672782592,-8.693639054098329,56.3016312206164
1779965560.1552129,41.141626735581355,-8.693639320678752,56.28953175153583
1779965560.1949344,41.14162673347939,-8.693639590483768,56.28236946463585
1779965560.234752,41.14162672525788,-8.693639863747025,56.27913991548121
1779965560.2745724,41.141626710195546,-8.693640140841168,56.27977307047695
1779965560.3145094,41.14162668472261,-8.693640422262659,56.28539386857301
1779965560.3548226,41.14162665168471,-8.693640709414632,56.29445231333375
1779965560.3946066,41.14162660668766,-8.693641002560904,56.30749060306698
1779965560.435401,41.141626551651456,-8.69364130223918,56.32410558592528
1779965560.4752426,41.14162648681852,-8.693641608953074,56.34299361333251
1779965560.5150723,41.141626414510256,-8.693641920169568,56.3648323751986
1779965560.5549219,41.14162633410938,-8.693642237979141,56.38849666155875
1779965560.594774,41.1416262423854,-8.693642566081104,56.41295071411878
1779965560.6348238,41.1416261498198,-8.69364289798484,56.43848521914333
1779965560.674633,41.14162605443613,-8.693643236079266,56.4633873552084
1779965560.7145848,41.14162595436746,-8.69364358208875,56.48726094420999
1779965560.7544417,41.141625859746604,-8.693643931714742,56.50994787272066
1779965560.794306,41.14162576554598,-8.693644289988784,56.52945586293936
1779965560.8345113,41.14162567665762,-8.693644653530761,56.54644674435258
1779965560.8747368,41.14162559285995,-8.693645024051518,56.560035267844796
1779965560.9150968,41.14162551595479,-8.693645403735989,56.56886625755578
1779965560.955272,41.14162545106383,-8.693645786494663,56.57412909064442
1779965560.9950526,41.14162539546674,-8.6936461760264,56.57430827617645
1779965561.0351264,41.14162535435409,-8.69364656846252,56.569262211211026
1779965561.074947,41.141625328888054,-8.69364696167411,56.55963295698166
1779965561.115085,41.14162531698756,-8.693647359046082,56.54476680420339
1779965561.1549056,41.1416253229252,-8.69364775496679,56.52540033776313
1779965561.1946821,41.141625344708324,-8.693648148206472,56.50176743045449
1779965561.234745,41.141625378453874,-8.693648543177472,56.47357922513038
1779965561.2744858,41.14162542420065,-8.693648936459772,56.44179214164615
1779965561.314529,41.14162548356164,-8.693649325089718,56.4072170984
1779965561.3544812,41.14162555370531,-8.69364971062615,56.369697377085686
1779965561.3946953,41.1416256307472,-8.693650093328403,56.331000613979995
1779965561.4349844,41.1416257161695,-8.69365046805061,56.29184191022068
1779965561.474885,41.14162580987319,-8.693650837024714,56.25241768639535
1779965561.514833,41.14162590630182,-8.693651202331873,56.21476027648896
1779965561.5547097,41.14162600044223,-8.693651564745792,56.17943580355495
1779965561.5945487,41.14162609955523,-8.69365192159141,56.1464371252805
1779965561.6345296,41.14162620364895,-8.69365226916572,56.117439698427916
1779965561.6743577,41.141626307378445,-8.69365261202246,56.092682992108166
1779965561.7143912,41.14162641437503,-8.693652949731401,56.07234010193497
1779965561.7547321,41.141626525208245,-8.693653282296701,56.05789742805064
1779965561.7947645,41.14162662900465,-8.693653614091366,56.048060515895486
1779965561.8348525,41.14162672602492,-8.69365394889689,56.04323040693998
1779965561.8747485,41.1416268186951,-8.693654280599302,56.04442450217903
1779965561.9149086,41.141626905352574,-8.693654609999475,56.05067142378539
1779965561.954694,41.14162698950035,-8.693654937489761,56.062754585407674
1779965561.9945138,41.14162706790343,-8.693655257880945,56.08053761627525
1779965562.0349152,41.14162714030684,-8.693655576500968,56.103006741032004
1779965562.0744948,41.14162720724046,-8.693655890509511,56.130752105265856
1779965562.1148767,41.14162727018067,-8.693656196231824,56.16349962633103
1779965562.1549675,41.14162732966337,-8.693656498467384,56.199845530092716
1779965562.194846,41.14162738196132,-8.693656795558045,56.23997969273478
1779965562.2348292,41.141627429200646,-8.69365708794102,56.282789115794
1779965562.2747478,41.141627471391224,-8.693657376336704,56.32792220916599
1779965562.31476,41.14162750205208,-8.693657666346475,56.37503563798964
1779965562.3546002,41.14162752369836,-8.693657960452551,56.42309361323714
1779965562.3944533,41.14162753511012,-8.693658251217052,56.47266168612987
1779965562.4345186,41.14162753551872,-8.693658546829544,56.521976423449814
1779965562.4743001,41.14162751869206,-8.693658847341721,56.57195043656975
1779965562.5145206,41.141627488357976,-8.693659150539476,56.62165957689285
1779965562.5547104,41.14162744684001,-8.693659457796013,56.670496955513954
1779965562.594707,41.14162738259749,-8.693659768131308,56.72001204639673
1779965562.6348565,41.141627310427374,-8.69366008344163,56.76743222028017
1779965562.6746852,41.14162723047045,-8.693660396243104,56.81408999953419
1779965562.7146018,41.1416271362036,-8.693660710161277,56.8598550055176
1779965562.7544594,41.14162704041495,-8.69366102895532,56.90226714126766
1779965562.7943194,41.141626936838186,-8.693661339493834,56.944128011353314
1779965562.8342066,41.14162683254741,-8.693661652163653,56.98272974975407
1779965562.8741975,41.141626723815314,-8.69366196708783,57.017997334711254
1779965562.9146483,41.14162661293705,-8.693662274009565,57.05155461654067
1779965562.9547496,41.14162651103986,-8.693662580835085,57.08071160223335
1779965562.994725,41.14162640345915,-8.693662887658634,57.10611224267632
1779965563.0346756,41.14162630300681,-8.693663189307305,57.12784657534212
1779965563.0746024,41.14162620918085,-8.693663491640091,57.144132438115776
1779965563.1145449,41.14162611654384,-8.693663792256858,57.15581694431603
1779965563.1544468,41.14162604232409,-8.693664084406679,57.16326083987951
1779965563.1944232,41.141625973400544,-8.693664372583518,57.164896748028696
1779965563.2343585,41.141625912148314,-8.693664661239108,57.16095636226237
1779965563.2742648,41.14162586183901,-8.693664941958623,57.15242757741362
1779965563.3142145,41.14162581955556,-8.693665218210725,57.13784179184586
1779965563.3545375,41.14162578532852,-8.693665497087535,57.11778693087399
1779965563.3946474,41.14162576020045,-8.69366576145723,57.09329083096236
1779965563.4347827,41.141625746562006,-8.693666018769134,57.063854647800326
1779965563.4746728,41.141625740711476,-8.693666267599935,57.03027578443289
1779965563.5145879,41.1416257409383,-8.69366650338646,56.99346550554037
1779965563.5545826,41.141625746847886,-8.693666731497652,56.954234031029046
1779965563.59443,41.14162575611212,-8.693666942697709,56.91345118638128
1779965563.6343892,41.141625761873854,-8.693667146294878,56.872039111331105
1779965563.674304,41.1416257717809,-8.693667334256983,56.8308972120285
1779965563.7141354,41.14162578046945,-8.693667505740805,56.791918135248125
1779965563.754451,41.141625775155845,-8.693667676257066,56.75555317196995
1779965563.7945964,41.14162577029738,-8.693667831634356,56.72177149914205
1779965563.8346999,41.1416257633446,-8.693667978599537,56.692408558912575
1779965563.874629,41.14162574627054,-8.693668120722034,56.66734938882291
1779965563.914887,41.14162572261143,-8.693668252795044,56.64805085584521
1779965563.954747,41.14162568661076,-8.693668385919795,56.63515293505043
1779965563.9945219,41.141625642365966,-8.693668513313012,56.62760944850743
1779965564.0344188,41.141625590212705,-8.693668640408692,56.626183778978884
1779965564.0742745,41.141625529329595,-8.69366876666894,56.63023133482784
1779965564.114147,41.14162546244419,-8.693668887636285,56.63923959247768
1779965564.1540701,41.14162538852001,-8.693669011000518,56.65371267031878
1779965564.1944277,41.14162530802501,-8.693669126096111,56.67319933511317
1779965564.2347305,41.14162521533438,-8.693669241116973,56.6981054879725
1779965564.2746916,41.14162511114445,-8.693669353497018,56.7280394481495
1779965564.314758,41.1416249955671,-8.69366946016555,56.76240125019103
1779965564.3545759,41.14162486549742,-8.693669568316267,56.80113363265991
1779965564.3944356,41.14162471992114,-8.69366967161586,56.84335132595152
1779965564.4344065,41.14162455490563,-8.693669776536515,56.88836090173572
1779965564.4742486,41.14162437433499,-8.693669880907308,56.93596950173378
1779965564.5142603,41.14162417845195,-8.69366998791464,56.984034723602235
1779965564.554206,41.141623966029826,-8.693670100645363,57.03268250077963
1779965564.594354,41.14162374199846,-8.693670210298949,57.081679972819984
1779965564.634538,41.14162351386352,-8.693670324599116,57.12834115512669
1779965564.6745677,41.14162327583411,-8.693670442861615,57.17362203169614
1779965564.714618,41.14162303164743,-8.69367056687737,57.21587536949664
1779965564.7545183,41.14162279626252,-8.693670696805858,57.25317186396569
1779965564.794388,41.14162256295322,-8.693670826358298,57.28806379251182
1779965564.8348675,41.14162233456306,-8.693670963499287,57.31798986252397
1779965564.8744771,41.14162211439473,-8.693671109216229,57.34256767947227
1779965564.914245,41.141621907175285,-8.693671256996469,57.36279616411775
1779965564.9540756,41.14162171698643,-8.693671409733602,57.37727489322424
1779965564.9940138,41.14162154114461,-8.693671565323934,57.38640492036939
1779965565.034366,41.141621384561994,-8.693671721072178,57.390561307780445
1779965565.0744646,41.14162124253248,-8.693671883359775,57.38852073345333
1779965565.114607,41.14162111275266,-8.693672049872115,57.380987972952425
1779965565.1545875,41.141620999988376,-8.693672213726188,57.36894203722477
1779965565.1944456,41.14162090099125,-8.693672378912652,57.351487518288195
1779965565.234489,41.1416208168689,-8.693672542820412,57.32941865827888
1779965565.2743576,41.14162074738143,-8.693672701277402,57.30350262578577
1779965565.3144042,41.14162069125678,-8.693672854750387,57.27357255667448
1779965565.3542342,41.141620646099,-8.693673002644408,57.24069636128843
1779965565.3940718,41.14162061313162,-8.693673140215985,57.205394020304084
1779965565.4340093,41.14162058487889,-8.693673270568112,57.16849991865456
1779965565.4741156,41.14162056172881,-8.6936733919517,57.13078025728464
1779965565.5145469,41.14162054746178,-8.693673501290244,57.09258274547756
1779965565.5545366,41.1416205342704,-8.693673600908873,57.05502978526056
1779965565.5944607,41.14162052647697,-8.693673688998496,57.01876559108496
1779965565.6344373,41.141620520016865,-8.693673766687443,56.98442202527076
1779965565.6743119,41.14162051347598,-8.69367383569369,56.95256107766181
1779965565.7142334,41.14162050783129,-8.693673896685347,56.92387547623366
1779965565.7541533,41.14162050267539,-8.693673949929645,56.89888340327889
1779965565.7940342,41.14162050099943,-8.69367399540322,56.87758794147521
1779965565.8339558,41.141620491824376,-8.69367403948267,56.860193118453026
1779965565.8738422,41.141620479005425,-8.693674081559534,56.84706849604845
1779965565.9139545,41.141620466964774,-8.69367412116055,56.83827473688871
1779965565.9542303,41.141620448182756,-8.693674161456153,56.83323323447257
1779965565.9943335,41.14162043058661,-8.693674199676408,56.8332134289667
1779965566.0344865,41.14162040805641,-8.693674238397714,56.83708515763283
1779965566.0743546,41.14162038105571,-8.693674277467586,56.84502923581749
1779965566.1143296,41.14162035546728,-8.693674315436965,56.85735238622874
1779965566.1544006,41.141620321684364,-8.69367435747351,56.872180365026
1779965566.1941874,41.14162028526125,-8.693674401834626,56.890352320857346
1779965566.23413,41.14162023967408,-8.693674449825613,56.91115119867027
1779965566.2739396,41.141620187790444,-8.693674502267134,56.93335833121091
1779965566.3140943,41.14162012919624,-8.693674560051054,56.95737024769187
1779965566.3541508,41.14162005734062,-8.693674624185121,56.982007634826005
1779965566.3943043,41.14161997777905,-8.69367469647092,57.006774050183594
1779965566.434472,41.14161988638092,-8.693674775735689,57.031760919839144
1779965566.474361,41.141619781374146,-8.693674866788673,57.055278059095144
1779965566.5142643,41.141619666889014,-8.693674967662819,57.07745217997581
1779965566.5543706,41.14161954203874,-8.693675074260927,57.09835807047784
1779965566.5941446,41.14161940583725,-8.693675196006984,57.11618863791227
1779965566.63455,41.141619260320844,-8.693675325463445,57.13211256917566
1779965566.6742718,41.141619107501676,-8.693675464706336,57.14508112240583
1779965566.7140484,41.14161894744489,-8.693675615264757,57.15467640757561
1779965566.753855,41.14161878116261,-8.693675768484596,57.16230991203338
1779965566.794122,41.14161861152236,-8.693675931792589,57.166642570868134
1779965566.8343709,41.14161844021028,-8.69367609680222,57.16844102088362
1779965566.8743696,41.141618273486465,-8.693676259208164,57.16883596032858
1779965566.914412,41.141618113625945,-8.693676419538651,57.16706379223615
1779965566.954288,41.14161795784882,-8.693676571642017,57.16418128833175
1779965566.9943006,41.141617815514074,-8.693676715415275,57.161150984466076
1779965567.0343397,41.141617681569166,-8.693676851882202,57.156597359105945
1779965567.0741777,41.141617557646384,-8.69367697523787,57.15282442513853
1779965567.1141121,41.141617449086844,-8.693677085435997,57.149698877707124
1779965567.1541085,41.1416173431942,-8.693677191530147,57.14528985507786
1779965567.1939497,41.14161723643283,-8.693677293508568,57.14188449643552
1779965567.2339804,41.1416171324127,-8.693677389792896,57.13776066340506
1779965567.2739055,41.14161703697212,-8.693677478063464,57.13352605700493
1779965567.3141081,41.141616950057816,-8.69367755706915,57.13037885725498
1779965567.3540695,41.141616870761645,-8.693677626708359,57.12662454601377
1779965567.3942506,41.14161680049495,-8.693677689796004,57.12360359914601
1779965567.4345996,41.14161673622929,-8.69367774461655,57.12092099245638
1779965567.4744687,41.14161668043828,-8.693677794464277,57.11755966953933
1779965567.514415,41.14161663510557,-8.693677836816512,57.114934475161135
1779965567.5543382,41.14161659832937,-8.693677871359762,57.11170424334705
1779965567.5942307,41.14161656789314,-8.693677905659152,57.108003456145525
1779965567.6341581,41.14161653768521,-8.693677935859345,57.10455674212426
1779965567.6739743,41.141616510696835,-8.693677967981362,57.09966876078397
1779965567.7140517,41.141616486678245,-8.693678001840365,57.09405644237995
1779965567.7542577,41.14161646220172,-8.693678033722902,57.087810582481325
1779965567.794415,41.1416164361497,-8.693678074991979,57.07988109253347
1779965567.834473,41.14161640600452,-8.69367811703664,57.071243330836296
1779965567.8743606,41.141616372785315,-8.693678165149498,57.06119498517364
1779965567.914424,41.14161633444186,-8.69367822227874,57.04929715488106
1779965567.9542823,41.14161628726926,-8.693678281001176,57.03682660032064
1779965567.9941318,41.14161623334889,-8.693678351430245,57.02293466217816
1779965568.034377,41.14161617029093,-8.69367842503719,57.00799476727843
1779965568.074081,41.14161609638293,-8.693678504144826,56.99272922612727
1779965568.114175,41.14161601060206,-8.69367859475935,56.9760385164991
1779965568.1543744,41.14161591314444,-8.693678687214794,56.959055641666055
1779965568.1944401,41.1416158047347,-8.693678789383597,56.942288174293935
1779965568.234493,41.141615686480364,-8.693678896387645,56.924759702757
1779965568.2743945,41.14161555932163,-8.693679007267747,56.90781095996499
1779965568.3142989,41.1416154191063,-8.693679126618326,56.89133854024112
1779965568.3542678,41.14161526665142,-8.693679252204944,56.87452872470021
1779965568.3941255,41.14161511070429,-8.693679381911853,56.85878941696137
1779965568.4341035,41.141614946621544,-8.693679516408176,56.843176951631904
1779965568.473975,41.14161477445141,-8.69367965805094,56.82753791753203
1779965568.5143762,41.14161460201404,-8.693679803780737,56.81274295784533
1779965568.5545998,41.14161442509707,-8.693679954080224,56.79755516909063
1779965568.5945609,41.141614243112514,-8.693680113935004,56.782623026520014
1779965568.634516,41.141614061167374,-8.693680277961965,56.76789312623441
1779965568.6744418,41.14161387985633,-8.693680448808353,56.75238699186593
1779965568.7145395,41.141613699114394,-8.693680626845605,56.7368133822456
1779965568.754428,41.14161352108592,-8.693680808292296,56.720543917268515
1779965568.7942786,41.14161335212805,-8.693680997713269,56.70307967439294
1779965568.8342998,41.14161318678601,-8.693681192333678,56.68521067220718
1779965568.8741505,41.14161303161433,-8.6936813923962,56.66591843124479
1779965568.9140217,41.141612891543296,-8.69368159622599,56.64550959505141
1779965568.9544413,41.14161275919998,-8.693681802044715,56.624561885371804
1779965568.9945776,41.14161264014599,-8.693682016842116,56.6016356209293
1779965569.0346525,41.14161253339709,-8.693682233777894,56.57830050494522
1779965569.0746238,41.14161243906957,-8.69368245521279,56.554223698563874
1779965569.1145728,41.141612358387384,-8.693682682985282,56.5290766377002
1779965569.1545715,41.14161228950442,-8.693682909872773,56.5048251375556
1779965569.1944828,41.14161223553512,-8.693683144120438,56.47984328959137
1779965569.2344198,41.141612189241684,-8.693683380743614,56.4552752468735
1779965569.2743726,41.14161215669638,-8.693683619374932,56.432244377210736
1779965569.3142931,41.14161213809304,-8.693683863424324,56.409493593499064
1779965569.354205,41.14161212489799,-8.693684108029991,56.388560376130044
1779965569.3941212,41.14161212457525,-8.693684358995105,56.36961229983717
1779965569.4341063,41.141612131430556,-8.693684612496659,56.351805148646235
1779965569.4744287,41.141612143587146,-8.69368487076453,56.3368706619367
1779965569.5148253,41.14161216156083,-8.693685134616057,56.324492644518614
1779965569.5547402,41.14161218245145,-8.693685400212265,56.314282942563295
1779965569.5946422,41.14161220574248,-8.693685675111142,56.30753603670746
1779965569.6345644,41.141612231105384,-8.693685953476697,56.303114742040634
1779965569.6744485,41.14161225603862,-8.693686238461462,56.30139258969575
1779965569.7143588,41.14161227833864,-8.693686532653004,56.30301490239799
1779965569.7543154,41.14161229781432,-8.693686830900365,56.30673267599195
1779965569.7941592,41.14161231101139,-8.693687140443174,56.31380025111139
1779965569.8344429,41.141612318793634,-8.69368745427301,56.32347517646849
1779965569.874642,41.14161231941881,-8.693687776190748,56.335070996545255
1779965569.914718,41.141612310412896,-8.693688108735692,56.349762596189976
1779965569.9546664,41.14161229395934,-8.693688443916987,56.36615626793355
1779965569.9945943,41.14161226751433,-8.693688790413981,56.38470799475908
1779965570.0345597,41.14161223403511,-8.693689140209218,56.40545416995883
1779965570.0744472,41.141612192518416,-8.693689495421578,56.4271914511919
1779965570.1143558,41.14161214299439,-8.69368985759159,56.45084040798247
1779965570.1542807,41.14161209157716,-8.693690220329804,56.47562785819173
1779965570.1943307,41.14161203315997,-8.693690587023298,56.50125780701637
1779965570.2346709,41.14161197371094,-8.69369095129852,56.52815264556557
1779965570.274752,41.14161191430502,-8.693691313848275,56.55576651263982
1779965570.3148367,41.14161185147858,-8.693691678095442,56.58374247699976
1779965570.3547642,41.14161178902817,-8.693692038968006,56.61251693405211
1779965570.3946698,41.14161172584788,-8.693692397064146,56.641535862348974
1779965570.4346447,41.141611667405606,-8.69369275170317,56.67024952080101
1779965570.4744987,41.14161160910082,-8.693693101332796,56.69950610399246
1779965570.5143876,41.141611551273414,-8.693693447463595,56.72793450579047
1779965570.5542815,41.14161149998178,-8.693693788929883,56.75576267298311
1779965570.594573,41.14161144779096,-8.693694124441777,56.783349570818245
1779965570.6348028,41.14161139903863,-8.693694457343646,56.80920870043337
1779965570.6748126,41.14161135251138,-8.693694785064993,56.83442788477987
1779965570.7151752,41.14161130483249,-8.693695111498855,56.85797650460154
1779965570.7550523,41.14161126113405,-8.693695436745493,56.87923871446401
1779965570.794803,41.14161121357149,-8.693695759042145,56.89951925072819
1779965570.8346875,41.14161116662955,-8.693696083863616,56.91702299658209
1779965570.8744977,41.14161111590162,-8.693696408996065,56.932319052517414
1779965570.9146173,41.14161105931092,-8.693696732151675,56.94618067983538
1779965570.9548526,41.141611001858486,-8.693697061244348,56.95659054722637
1779965570.9949284,41.14161093371199,-8.693697389559734,56.96491371653974
1779965571.0349848,41.141610864341246,-8.69369771823442,56.97087965346873
1779965571.0749152,41.14161078911896,-8.693698051542631,56.9733594506979
1779965571.1148455,41.14161070210222,-8.693698386067645,56.973814472556114
1779965571.154787,41.14161061658338,-8.693698723709696,56.97130756545812
1779965571.1946883,41.14161052135571,-8.693699062737483,56.965487552806735
1779965571.2346308,41.14161042375705,-8.693699401776021,56.95767365489155
1779965571.274518,41.14161032429233,-8.693699741393832,56.9468182483688
1779965571.314574,41.14161021923403,-8.693700081191425,56.93314186949283
1779965571.3544502,41.14161011487265,-8.693700423136729,56.91756924986839
1779965571.394667,41.14161000885039,-8.693700761069595,56.89887551963329
1779965571.434944,41.14160990662202,-8.693701099539334,56.87824487220496
1779965571.4749737,41.1416098037975,-8.693701437852368,56.8552177362144
1779965571.5151987,41.14160970377959,-8.693701772871819,56.82934215199202
1779965571.5550406,41.141609612226816,-8.693702108611276,56.80187045969069
1779965571.5949204,41.14160952187206,-8.69370244102635,56.77177723497152
1779965571.634833,41.14160943885607,-8.693702773819481,56.74001705925912
1779965571.674764,41.141609365906575,-8.693703101990828,56.70720107387751
1779965571.7146993,41.141609296147564,-8.693703428343,56.6721915313974
1779965571.7546203,41.14160923268297,-8.693703757497051,56.636693018488586
1779965571.7944949,41.14160917933297,-8.693704078099783,56.600547624751925
1779965571.8348315,41.14160913587763,-8.693704398921328,56.56349726393819
1779965571.8749769,41.14160909698785,-8.693704717772867,56.52717257384211
